year,month,day,temp,complete
2014,5,30,28.3,C
2014,5,31,28.6,C
2014,6,1,29.0,C
2014,6,2,28.5,C
2014,6,3,27.9,C
2014,6,4,28.8,C
2014,6,5,28.3,C
2014,6,6,25.9,C
2014,6,7,26.0,C
2014,6,8,27.9,C
2014,6,9,26.3,C
2014,6,10,26.3,C
2014,6,11,25.5,C
2014,6,12,25.8,C
2014,6,13,24.1,C
2014,6,14,25.8,C
2014,6,15,25.8,C
2014,6,16,28.4,C
2014,6,17,27.6,C
2014,6,18,28.8,C
2014,6,19,28.4,C
2014,6,20,27.3,C
2014,6,21,27.1,C
2014,6,22,26.0,C
2014,6,23,26.8,C
2014,6,24,27.6,C
2014,6,25,26.8,C
2014,6,26,29.0,C
2014,6,27,29.0,C
2014,6,28,28.9,C
2014,6,29,28.1,C
2014,6,30,28.1,C
2014,7,1,27.5,C
2014,7,2,28.6,C
2014,7,3,29.0,C
2014,7,4,28.9,C
2014,7,5,29.0,C
2014,7,6,28.5,C
2014,7,7,27.0,C
2014,7,8,29.1,C
2014,7,9,29.3,C
2014,7,10,28.4,C
2014,7,11,27.9,C
2014,7,12,29.0,C
2014,7,13,28.7,C
2014,7,14,28.5,C
2014,7,15,28.7,C
2014,7,16,28.6,C
2014,7,17,27.3,C
2014,7,18,25.7,C
2014,7,19,28.0,C
2014,7,20,28.4,C
2014,7,21,27.7,C
2014,7,22,27.6,C
2014,7,23,29.4,C
2014,7,24,28.4,C
2014,7,25,28.4,C
2014,7,26,27.2,C
2014,7,27,27.3,C
2014,7,28,28.5,C
2014,7,29,28.0,C
2014,7,30,28.9,C
2014,7,31,28.8,C
2014,8,1,29.1,C
2014,8,2,28.8,C
2014,8,3,28.5,C
2014,8,4,28.5,C
2014,8,5,27.7,C
2014,8,6,27.0,C
2014,8,7,27.5,C
2014,8,8,28.6,C
2014,8,9,28.7,C
2014,8,10,28.5,C
2014,8,11,28.8,C
2014,8,12,28.2,C
2014,8,13,24.5,C
2014,8,14,27.2,C
2014,8,15,28.3,C
2014,8,16,28.3,C
2014,8,17,28.4,C
2014,8,18,28.1,C
2014,8,19,26.6,C
2014,8,20,24.0,C
2014,8,21,26.5,C
2014,8,22,27.3,C
2014,8,23,27.7,C
2014,8,24,27.6,C
2014,8,25,28.6,C
2014,8,26,28.5,C
2014,8,27,26.7,C
2014,8,28,27.8,C
2014,8,29,28.2,C
2014,8,30,28.0,C
2014,8,31,27.4,C
2014,9,1,28.5,C
2014,9,2,27.7,C
2014,9,3,28.2,C
2014,9,4,26.7,C
2014,9,5,27.9,C
2014,9,6,27.9,C
2014,9,7,27.7,C
2014,9,8,27.5,C
2014,9,9,28.4,C
2014,9,10,27.8,C
2014,9,11,28.4,C
2014,9,12,26.7,C
2014,9,13,28.4,C
2014,9,14,28.6,C
2014,9,15,27.3,C
2014,9,16,25.6,C
2014,9,17,26.7,C
2014,9,18,28.3,C
2014,9,19,28.1,C
2014,9,20,26.0,C
2014,9,21,23.7,C
2014,9,22,24.6,C
2014,9,23,25.2,C
2014,9,24,25.9,C
2014,9,25,26.3,C
2014,9,26,26.2,C
2014,9,27,27.7,C
2014,9,28,27.6,C
2014,9,29,27.3,C
2014,9,30,28.4,C
2014,10,1,26.8,C
2014,10,2,27.0,C
2014,10,3,26.2,C
2014,10,4,24.9,C
2014,10,5,24.5,C
2014,10,6,22.6,C
2014,10,7,22.3,C
2014,10,8,22.0,C
2014,10,9,22.4,C
2014,10,10,22.4,C
2014,10,11,23.9,C
2014,10,12,22.8,C
2014,10,13,21.5,C
2014,10,14,21.5,C
2014,10,15,22.6,C
2014,10,16,22.1,C
2014,10,17,21.9,C
2014,10,18,22.8,C
2014,10,19,23.2,C
2014,10,20,24.9,C
2014,10,21,24.6,C
2014,10,22,24.0,C
2014,10,23,22.2,C
2014,10,24,21.9,C
2014,10,25,22.7,C
2014,10,26,24.0,C
2014,10,27,24.6,C
2014,10,28,21.7,C
2014,10,29,22.6,C
2014,10,30,23.7,C
2014,10,31,24.2,C
2014,11,1,24.7,C
2014,11,2,23.1,C
2014,11,3,17.6,C
2014,11,4,19.8,C
2014,11,5,21.7,C
2014,11,6,22.6,C
2014,11,7,21.3,C
2014,11,8,18.6,C
2014,11,9,20.5,C
2014,11,10,21.7,C
2014,11,11,21.7,C
2014,11,12,20.9,C
2014,11,13,17.2,C
2014,11,14,18.6,C
2014,11,15,20.1,C
2014,11,16,21.1,C
2014,11,17,18.8,C
2014,11,18,18.1,C
2014,11,19,18.5,C
2014,11,20,19.2,C
2014,11,21,20.5,C
2014,11,22,21.3,C
2014,11,23,21.4,C
2014,11,24,22.2,C
2014,11,25,23.2,C
2014,11,26,21.5,C
2014,11,27,19.9,C
2014,11,28,22.1,C
2014,11,29,21.7,C
2014,11,30,23.4,C
2014,12,1,16.3,C
2014,12,2,14.4,C
2014,12,3,16.5,C
2014,12,4,12.1,C
2014,12,5,12.0,C
2014,12,6,14.9,C
2014,12,7,14.5,C
2014,12,8,16.3,C
2014,12,9,17.0,C
2014,12,10,17.2,C
2014,12,11,15.8,C
2014,12,12,11.1,C
2014,12,13,11.3,C
2014,12,14,13.2,C
2014,12,15,14.8,C
2014,12,16,12.4,C
2014,12,17,7.7,C
2014,12,18,8.8,C
2014,12,19,11.3,C
2014,12,20,12.6,C
2014,12,21,13.2,C
2014,12,22,9.7,C
2014,12,23,11.7,C
2014,12,24,17.5,C
2014,12,25,14.1,C
2014,12,26,14.5,C
2014,12,27,14.6,C
2014,12,28,13.4,C
2014,12,29,11.8,C
2014,12,30,13.1,C
2014,12,31,14.8,C
2015,1,1,13.2,C
2015,1,2,13.0,C
2015,1,3,13.1,C
2015,1,4,16.0,C
2015,1,5,17.8,C
2015,1,6,20.2,C
2015,1,7,16.0,C
2015,1,8,13.4,C
2015,1,9,13.2,C
2015,1,10,14.0,C
2015,1,11,13.6,C
2015,1,12,11.7,C
2015,1,13,12.0,C
2015,1,14,12.4,C
2015,1,15,12.9,C
2015,1,16,15.2,C
2015,1,17,13.5,C
2015,1,18,13.9,C
2015,1,19,12.4,C
2015,1,20,13.3,C
2015,1,21,15.0,C
2015,1,22,13.4,C
2015,1,23,14.6,C
2015,1,24,14.9,C
2015,1,25,16.9,C
2015,1,26,18.2,C
2015,1,27,17.0,C
2015,1,28,15.1,C
2015,1,29,15.9,C
2015,1,30,15.3,C
2015,1,31,13.3,C
2015,2,1,13.0,C
2015,2,2,15.3,C
2015,2,3,16.6,C
2015,2,4,15.0,C
2015,2,5,11.0,C
2015,2,6,10.8,C
2015,2,7,14.4,C
2015,2,8,12.0,C
2015,2,9,12.6,C
2015,2,10,12.7,C
2015,2,11,14.5,C
2015,2,12,14.6,C
2015,2,13,14.0,C
2015,2,14,14.2,C
2015,2,15,17.3,C
2015,2,16,19.4,C
2015,2,17,18.3,C
2015,2,18,16.0,C
2015,2,19,14.9,C
2015,2,20,16.5,C
2015,2,21,18.9,C
2015,2,22,20.1,C
2015,2,23,18.0,C
2015,2,24,18.4,C
2015,2,25,19.4,C
2015,2,26,21.7,C
2015,2,27,17.8,C
2015,2,28,17.3,C
2015,3,1,16.2,C
2015,3,2,15.7,C
2015,3,3,18.7,C
2015,3,4,15.9,C
2015,3,5,15.3,C
2015,3,6,15.9,C
2015,3,7,16.7,C
2015,3,8,17.9,C
2015,3,9,21.0,C
2015,3,10,15.1,C
2015,3,11,14.1,C
2015,3,12,14.4,C
2015,3,13,15.0,C
2015,3,14,17.9,C
2015,3,15,20.8,C
2015,3,16,22.0,C
2015,3,17,21.8,C
2015,3,18,22.4,C
2015,3,19,24.0,C
2015,3,20,23.4,C
2015,3,21,22.4,C
2015,3,22,18.8,C
2015,3,23,17.6,C
2015,3,24,17.7,C
2015,3,25,15.7,C
2015,3,26,17.1,C
2015,3,27,19.8,C
2015,3,28,19.8,C
2015,3,29,21.7,C
2015,3,30,22.6,C
2015,3,31,23.1,C
2015,4,1,23.9,C
2015,4,2,24.5,C
2015,4,3,24.4,C
2015,4,4,25.3,C
2015,4,5,25.4,C
2015,4,6,26.2,C
2015,4,7,23.6,C
2015,4,8,16.0,C
2015,4,9,16.7,C
2015,4,10,16.8,C
2015,4,11,16.4,C
2015,4,12,18.5,C
2015,4,13,19.2,C
2015,4,14,16.3,C
2015,4,15,18.9,C
2015,4,16,21.4,C
2015,4,17,22.2,C
2015,4,18,24.5,C
2015,4,19,24.9,C
2015,4,20,25.4,C
2015,4,21,20.8,C
2015,4,22,21.2,C
2015,4,23,18.3,C
2015,4,24,22.8,C
2015,4,25,22.0,C
2015,4,26,22.2,C
2015,4,27,23.8,C
2015,4,28,24.4,C
2015,4,29,25.9,C
2015,4,30,26.3,C
2015,5,1,25.9,C
2015,5,2,25.7,C
2015,5,3,26.9,C
2015,5,4,26.8,C
2015,5,5,25.9,C
2015,5,6,25.8,C
2015,5,7,26.7,C
2015,5,8,26.4,C
2015,5,9,26.4,C
2015,5,10,26.1,C
2015,5,11,25.7,C
2015,5,12,23.7,C
2015,5,13,25.4,C
2015,5,14,27.1,C
2015,5,15,27.4,C
2015,5,16,25.5,C
2015,5,17,25.7,C
2015,5,18,26.3,C
2015,5,19,26.6,C
2015,5,20,26.9,C
2015,5,21,22.8,C
2015,5,22,22.6,C
2015,5,23,24.5,C
2015,5,24,26.9,C
2015,5,25,28.2,C
2015,5,26,25.6,C
2015,5,27,28.0,C
2015,5,28,29.1,C
2015,5,29,28.6,C
2015,5,30,29.4,C
2015,5,31,28.2,C
2015,6,1,27.4,C
2015,6,2,27.9,C
2015,6,3,28.5,C
2015,6,4,28.6,C
2015,6,5,28.1,C
2015,6,6,28.3,C
2015,6,7,27.8,C
2015,6,8,28.2,C
2015,6,9,28.2,C
2015,6,10,28.0,C
2015,6,11,28.7,C
2015,6,12,28.3,C
2015,6,13,28.2,C
2015,6,14,28.0,C
2015,6,15,28.1,C
2015,6,16,28.6,C
2015,6,17,28.9,C
2015,6,18,29.0,C
2015,6,19,28.7,C
2015,6,20,29.2,C
2015,6,21,28.0,C
2015,6,22,27.3,C
2015,6,23,26.4,C
2015,6,24,27.1,C
2015,6,25,27.0,C
2015,6,26,28.4,C
2015,6,27,28.9,C
2015,6,28,29.1,C
2015,6,29,29.0,C
2015,6,30,29.2,C
2015,7,1,29.5,C
2015,7,2,29.6,C
2015,7,3,29.2,C
2015,7,4,28.6,C
2015,7,5,28.6,C
2015,7,6,27.0,C
2015,7,7,26.0,C
2015,7,8,25.6,C
2015,7,9,24.9,C
2015,7,10,26.9,C
2015,7,11,28.1,C
2015,7,12,29.2,C
2015,7,13,28.9,C
2015,7,14,28.3,C
2015,7,15,28.8,C
2015,7,16,28.5,C
2015,7,17,27.4,C
2015,7,18,27.7,C
2015,7,19,27.3,C
2015,7,20,25.8,C
2015,7,21,24.9,C
2015,7,22,25.3,C
2015,7,23,25.8,C
2015,7,24,26.8,C
2015,7,25,26.6,C
2015,7,26,26.8,C
2015,7,27,27.8,C
2015,7,28,27.7,C
2015,7,29,26.9,C
2015,7,30,26.7,C
2015,7,31,27.5,C
2015,8,1,27.7,C
2015,8,2,27.7,C
2015,8,3,26.0,C
2015,8,4,27.0,C
2015,8,5,28.0,C
2015,8,6,28.1,C
2015,8,7,28.5,C
2015,8,8,28.6,C
2015,8,9,28.5,C
2015,8,10,26.5,C
2015,8,11,27.9,C
2015,8,12,28.7,C
2015,8,13,26.3,C
2015,8,14,26.3,C
2015,8,15,25.4,C
2015,8,16,28.1,C
2015,8,17,28.9,C
2015,8,18,28.9,C
2015,8,19,28.9,C
2015,8,20,27.7,C
2015,8,21,28.6,C
2015,8,22,27.7,C
2015,8,23,27.8,C
2015,8,24,27.7,C
2015,8,25,26.8,C
2015,8,26,26.6,C
2015,8,27,27.8,C
2015,8,28,26.7,C
2015,8,29,26.3,C
2015,8,30,25.7,C
2015,8,31,26.6,C
2015,9,1,26.2,C
2015,9,2,24.2,C
2015,9,3,27.2,C
2015,9,4,28.4,C
2015,9,5,28.1,C
2015,9,6,28.6,C
2015,9,7,26.9,C
2015,9,8,25.5,C
2015,9,9,25.7,C
2015,9,10,25.8,C
2015,9,11,26.3,C
2015,9,12,26.1,C
2015,9,13,24.7,C
2015,9,14,25.1,C
2015,9,15,26.0,C
2015,9,16,26.0,C
2015,9,17,26.2,C
2015,9,18,26.6,C
2015,9,19,26.5,C
2015,9,20,27.3,C
2015,9,21,25.0,C
2015,9,22,27.5,C
2015,9,23,27.7,C
2015,9,24,28.1,C
2015,9,25,28.4,C
2015,9,26,27.7,C
2015,9,27,26.6,C
2015,9,28,25.3,C
2015,9,29,24.8,C
2015,9,30,27.7,C
2015,10,1,27.2,C
2015,10,2,25.3,C
2015,10,3,24.8,C
2015,10,4,25.3,C
2015,10,5,25.7,C
2015,10,6,25.2,C
2015,10,7,25.7,C
2015,10,8,26.5,C
2015,10,9,24.2,C
2015,10,10,22.3,C
2015,10,11,17.5,C
2015,10,12,19.4,C
2015,10,13,22.4,C
2015,10,14,23.0,C
2015,10,15,23.7,C
2015,10,16,23.5,C
2015,10,17,22.9,C
2015,10,18,22.7,C
2015,10,19,20.8,C
2015,10,20,21.9,C
2015,10,21,23.3,C
2015,10,22,23.9,C
2015,10,23,24.4,C
2015,10,24,24.6,C
2015,10,25,23.2,C
2015,10,26,23.2,C
2015,10,27,24.9,C
2015,10,28,25.9,C
2015,10,29,25.0,C
2015,10,30,25.5,C
2015,10,31,23.6,C
2015,11,1,20.2,C
2015,11,2,20.0,C
2015,11,3,20.9,C
2015,11,4,22.3,C
2015,11,5,24.1,C
2015,11,6,23.2,C
2015,11,7,25.0,C
2015,11,8,25.6,C
2015,11,9,25.9,C
2015,11,10,22.4,C
2015,11,11,21.7,C
2015,11,12,21.7,C
2015,11,13,23.2,C
2015,11,14,23.4,C
2015,11,15,22.6,C
2015,11,16,24.2,C
2015,11,17,25.7,C
2015,11,18,25.5,C
2015,11,19,24.9,C
2015,11,20,22.6,C
2015,11,21,22.5,C
2015,11,22,23.8,C
2015,11,23,23.6,C
2015,11,24,22.3,C
2015,11,25,20.9,C
2015,11,26,13.7,C
2015,11,27,14.6,C
2015,11,28,18.5,C
2015,11,29,20.9,C
2015,11,30,20.3,C
2015,12,1,21.0,C
2015,12,2,22.3,C
2015,12,3,17.7,C
2015,12,4,17.0,C
2015,12,5,16.9,C
2015,12,6,14.0,C
2015,12,7,15.2,C
2015,12,8,15.4,C
2015,12,9,16.6,C
2015,12,10,19.0,C
2015,12,11,18.5,C
2015,12,12,18.3,C
2015,12,13,18.8,C
2015,12,14,19.5,C
2015,12,15,15.9,C
2015,12,16,11.6,C
2015,12,17,8.9,C
2015,12,18,10.8,C
2015,12,19,12.9,C
2015,12,20,15.0,C
2015,12,21,18.3,C
2015,12,22,18.6,C
2015,12,23,20.7,C
2015,12,24,22.6,C
2015,12,25,15.0,C
2015,12,26,15.7,C
2015,12,27,16.1,C
2015,12,28,14.7,C
2015,12,29,15.7,C
2015,12,30,15.5,C
2015,12,31,15.8,C
2016,1,1,16.6,C
2016,1,2,17.8,C
2016,1,3,19.0,C
2016,1,4,20.4,C
2016,1,5,20.3,C
2016,1,6,20.6,C
2016,1,7,16.8,C
2016,1,8,17.1,C
2016,1,9,16.3,C
2016,1,10,16.2,C
2016,1,11,17.5,C
2016,1,12,15.1,C
2016,1,13,14.7,C
2016,1,14,14.4,C
2016,1,15,13.8,C
2016,1,16,15.6,C
2016,1,17,17.9,C
2016,1,18,13.3,C
2016,1,19,13.9,C
2016,1,20,13.8,C
2016,1,21,15.6,C
2016,1,22,13.6,C
2016,1,23,5.3,C
2016,1,24,0.9,C
2016,1,25,***,#
2016,1,26,7.2,C
2016,1,27,12.5,C
2016,1,28,16.0,C
2016,1,29,16.5,C
2016,1,30,17.4,C
2016,1,31,13.8,C
2016,2,1,10.8,C
2016,2,2,8.0,C
2016,2,3,10.7,C
2016,2,4,14.8,C
2016,2,5,13.3,C
2016,2,6,9.0,C
2016,2,7,8.7,C
2016,2,8,11.0,C
2016,2,9,14.6,C
2016,2,10,13.3,C
2016,2,11,18.8,C
2016,2,12,18.9,C
2016,2,13,22.7,C
2016,2,14,21.6,C
2016,2,15,9.0,C
2016,2,16,10.3,C
2016,2,17,10.4,C
2016,2,18,12.5,C
2016,2,19,13.9,C
2016,2,20,13.2,C
2016,2,21,12.0,C
2016,2,22,15.5,C
2016,2,23,15.0,C
2016,2,24,11.6,C
2016,2,25,12.6,C
2016,2,26,13.8,C
2016,2,27,15.0,C
2016,2,28,15.6,C
2016,2,29,15.6,C
2016,3,1,14.5,C
2016,3,2,13.7,C
2016,3,3,18.9,C
2016,3,4,19.6,C
2016,3,5,19.3,C
2016,3,6,21.1,C
2016,3,7,18.8,C
2016,3,8,19.4,C
2016,3,9,21.0,C
2016,3,10,11.7,C
2016,3,11,9.9,C
2016,3,12,12.1,C
2016,3,13,15.6,C
2016,3,14,13.5,C
2016,3,15,12.2,C
2016,3,16,14.1,C
2016,3,17,16.1,C
2016,3,18,20.0,C
2016,3,19,22.9,C
2016,3,20,16.9,C
2016,3,21,16.2,C
2016,3,22,15.7,C
2016,3,23,18.2,C
2016,3,24,14.4,C
2016,3,25,11.2,C
2016,3,26,14.5,C
2016,3,27,14.4,C
2016,3,28,13.7,C
2016,3,29,13.7,C
2016,3,30,18.6,C
2016,3,31,21.3,C
2016,4,1,21.6,C
2016,4,2,20.8,C
2016,4,3,22.5,C
2016,4,4,23.7,C
2016,4,5,22.4,C
2016,4,6,23.5,C
2016,4,7,23.7,C
2016,4,8,24.7,C
2016,4,9,24.5,C
2016,4,10,22.1,C
2016,4,11,20.8,C
2016,4,12,19.0,C
2016,4,13,21.4,C
2016,4,14,23.1,C
2016,4,15,20.0,C
2016,4,16,24.8,C
2016,4,17,25.5,C
2016,4,18,21.7,C
2016,4,19,18.5,C
2016,4,20,20.8,C
2016,4,21,24.7,C
2016,4,22,22.7,C
2016,4,23,24.5,C
2016,4,24,23.9,C
2016,4,25,25.7,C
2016,4,26,26.1,C
2016,4,27,26.6,C
2016,4,28,25.1,C
2016,4,29,21.8,C
2016,4,30,20.1,C
2016,5,1,22.1,C
2016,5,2,25.1,C
2016,5,3,26.5,C
2016,5,4,25.3,C
2016,5,5,27.0,C
2016,5,6,27.3,C
2016,5,7,27.3,C
2016,5,8,27.4,C
2016,5,9,27.3,C
2016,5,10,24.6,C
2016,5,11,23.5,C
2016,5,12,23.6,C
2016,5,13,23.7,C
2016,5,14,24.1,C
2016,5,15,26.2,C
2016,5,16,21.9,C
2016,5,17,21.3,C
2016,5,18,22.3,C
2016,5,19,24.3,C
2016,5,20,24.5,C
2016,5,21,25.4,C
2016,5,22,25.4,C
2016,5,23,25.9,C
2016,5,24,26.6,C
2016,5,25,27.2,C
2016,5,26,26.1,C
2016,5,27,26.4,C
2016,5,28,26.7,C
2016,5,29,28.1,C
2016,5,30,29.2,C
2016,5,31,28.7,C
2016,6,1,29.0,C
2016,6,2,29.3,C
2016,6,3,29.1,C
2016,6,4,28.0,C
2016,6,5,26.1,C
2016,6,6,25.2,C
2016,6,7,27.6,C
2016,6,8,27.3,C
2016,6,9,27.8,C
2016,6,10,27.6,C
2016,6,11,25.3,C
2016,6,12,25.5,C
2016,6,13,28.4,C
2016,6,14,28.9,C
2016,6,15,28.3,C
2016,6,16,28.2,C
2016,6,17,28.3,C
2016,6,18,27.7,C
2016,6,19,29.1,C
2016,6,20,29.5,C
2016,6,21,28.9,C
2016,6,22,28.5,C
2016,6,23,28.3,C
2016,6,24,28.4,C
2016,6,25,29.2,C
2016,6,26,29.5,C
2016,6,27,29.1,C
2016,6,28,27.6,C
2016,6,29,28.2,C
2016,6,30,28.3,C
2016,7,1,28.1,C
2016,7,2,27.8,C
2016,7,3,27.5,C
2016,7,4,28.3,C
2016,7,5,27.9,C
2016,7,6,25.6,C
2016,7,7,28.4,C
2016,7,8,29.4,C
2016,7,9,29.8,C
2016,7,10,26.8,C
2016,7,11,27.4,C
2016,7,12,26.4,C
2016,7,13,27.6,C
2016,7,14,27.2,C
2016,7,15,28.8,C
2016,7,16,29.4,C
2016,7,17,29.3,C
2016,7,18,28.6,C
2016,7,19,28.0,C
2016,7,20,28.0,C
2016,7,21,28.4,C
2016,7,22,28.7,C
2016,7,23,28.8,C
2016,7,24,28.3,C
2016,7,25,28.4,C
2016,7,26,28.3,C
2016,7,27,28.7,C
2016,7,28,28.5,C
2016,7,29,28.4,C
2016,7,30,27.5,C
2016,7,31,27.9,C
2016,8,1,27.6,C
2016,8,2,25.8,C
2016,8,3,25.8,C
2016,8,4,26.3,C
2016,8,5,28.8,C
2016,8,6,28.8,C
2016,8,7,29.4,C
2016,8,8,29.2,C
2016,8,9,27.5,C
2016,8,10,25.2,C
2016,8,11,26.0,C
2016,8,12,27.1,C
2016,8,13,28.2,C
2016,8,14,26.3,C
2016,8,15,26.2,C
2016,8,16,25.4,C
2016,8,17,26.3,C
2016,8,18,26.7,C
2016,8,19,28.4,C
2016,8,20,28.5,C
2016,8,21,26.5,C
2016,8,22,28.2,C
2016,8,23,28.0,C
2016,8,24,28.2,C
2016,8,25,28.9,C
2016,8,26,28.9,C
2016,8,27,28.3,C
2016,8,28,26.0,C
2016,8,29,23.7,C
2016,8,30,25.6,C
2016,8,31,27.2,C
2016,9,1,26.5,C
2016,9,2,27.3,C
2016,9,3,27.5,C
2016,9,4,27.0,C
2016,9,5,25.6,C
2016,9,6,25.8,C
2016,9,7,25.4,C
2016,9,8,26.2,C
2016,9,9,26.2,C
2016,9,10,25.5,C
2016,9,11,28.1,C
2016,9,12,28.1,C
2016,9,13,26.9,C
2016,9,14,26.8,C
2016,9,15,26.5,C
2016,9,16,26.4,C
2016,9,17,26.3,C
2016,9,18,25.8,C
2016,9,19,25.9,C
2016,9,20,24.1,C
2016,9,21,25.0,C
2016,9,22,24.3,C
2016,9,23,25.7,C
2016,9,24,26.2,C
2016,9,25,26.8,C
2016,9,26,27.3,C
2016,9,27,28.1,C
2016,9,28,25.4,C
2016,9,29,22.9,C
2016,9,30,23.6,C
2016,10,1,26.3,C
2016,10,2,26.3,C
2016,10,3,25.5,C
2016,10,4,25.9,C
2016,10,5,26.9,C
2016,10,6,26.5,C
2016,10,7,25.8,C
2016,10,8,25.4,C
2016,10,9,23.9,C
2016,10,10,22.7,C
2016,10,11,22.4,C
2016,10,12,22.6,C
2016,10,13,24.1,C
2016,10,14,24.4,C
2016,10,15,24.4,C
2016,10,16,25.3,C
2016,10,17,24.6,C
2016,10,18,24.1,C
2016,10,19,24.6,C
2016,10,20,26.4,C
2016,10,21,23.8,C
2016,10,22,26.8,C
2016,10,23,26.5,C
2016,10,24,26.8,C
2016,10,25,27.0,C
2016,10,26,26.5,C
2016,10,27,26.9,C
2016,10,28,27.1,C
2016,10,29,25.4,C
2016,10,30,21.6,C
2016,10,31,23.3,C
2016,11,1,20.6,C
2016,11,2,20.1,C
2016,11,3,19.0,C
2016,11,4,20.5,C
2016,11,5,22.7,C
2016,11,6,22.8,C
2016,11,7,24.4,C
2016,11,8,23.9,C
2016,11,9,18.6,C
2016,11,10,15.4,C
2016,11,11,18.4,C
2016,11,12,22.4,C
2016,11,13,23.9,C
2016,11,14,25.0,C
2016,11,15,25.0,C
2016,11,16,22.8,C
2016,11,17,23.5,C
2016,11,18,23.4,C
2016,11,19,24.2,C
2016,11,20,23.5,C
2016,11,21,22.9,C
2016,11,22,22.0,C
2016,11,23,20.1,C
2016,11,24,15.2,C
2016,11,25,18.2,C
2016,11,26,16.4,C
2016,11,27,15.6,C
2016,11,28,16.1,C
2016,11,29,16.0,C
2016,11,30,17.4,C
2016,12,1,17.9,C
2016,12,2,18.4,C
2016,12,3,19.1,C
2016,12,4,20.9,C
2016,12,5,22.3,C
2016,12,6,16.1,C
2016,12,7,16.7,C
2016,12,8,16.3,C
2016,12,9,17.0,C
2016,12,10,19.0,C
2016,12,11,18.6,C
2016,12,12,20.0,C
2016,12,13,21.6,C
2016,12,14,18.2,C
2016,12,15,15.0,C
2016,12,16,12.4,C
2016,12,17,13.3,C
2016,12,18,17.8,C
2016,12,19,18.9,C
2016,12,20,20.0,C
2016,12,21,20.6,C
2016,12,22,21.2,C
2016,12,23,17.9,C
2016,12,24,14.9,C
2016,12,25,17.7,C
2016,12,26,20.3,C
2016,12,27,13.3,C
2016,12,28,10.4,C
2016,12,29,12.1,C
2016,12,30,12.3,C
2016,12,31,16.4,C
2017,1,1,17.8,C
2017,1,2,20.0,C
2017,1,3,18.7,C
2017,1,4,18.8,C
2017,1,5,19.8,C
2017,1,6,20.9,C
2017,1,7,20.1,C
2017,1,8,21.5,C
2017,1,9,18.4,C
2017,1,10,17.9,C
2017,1,11,16.9,C
2017,1,12,17.1,C
2017,1,13,13.7,C
2017,1,14,14.0,C
2017,1,15,13.7,C
2017,1,16,14.3,C
2017,1,17,16.0,C
2017,1,18,17.6,C
2017,1,19,20.4,C
2017,1,20,15.8,C
2017,1,21,14.8,C
2017,1,22,13.3,C
2017,1,23,14.5,C
2017,1,24,14.9,C
2017,1,25,16.7,C
2017,1,26,15.8,C
2017,1,27,15.8,C
2017,1,28,15.1,C
2017,1,29,18.4,C
2017,1,30,20.3,C
2017,1,31,15.0,C
2017,2,1,18.0,C
2017,2,2,14.7,C
2017,2,3,15.2,C
2017,2,4,16.9,C
2017,2,5,18.7,C
2017,2,6,17.4,C
2017,2,7,14.3,C
2017,2,8,16.2,C
2017,2,9,10.7,C
2017,2,10,9.5,C
2017,2,11,11.1,C
2017,2,12,12.9,C
2017,2,13,13.6,C
2017,2,14,14.4,C
2017,2,15,14.4,C
2017,2,16,17.1,C
2017,2,17,19.8,C
2017,2,18,19.0,C
2017,2,19,15.8,C
2017,2,20,21.1,C
2017,2,21,16.6,C
2017,2,22,18.7,C
2017,2,23,17.4,C
2017,2,24,10.2,C
2017,2,25,10.2,C
2017,2,26,12.2,C
2017,2,27,13.8,C
2017,2,28,14.7,C
2017,3,1,16.7,C
2017,3,2,14.0,C
2017,3,3,14.4,C
2017,3,4,17.0,C
2017,3,5,20.1,C
2017,3,6,19.2,C
2017,3,7,15.6,C
2017,3,8,14.2,C
2017,3,9,14.1,C
2017,3,10,17.3,C
2017,3,11,16.2,C
2017,3,12,17.7,C
2017,3,13,22.0,C
2017,3,14,18.0,C
2017,3,15,14.3,C
2017,3,16,16.0,C
2017,3,17,17.2,C
2017,3,18,18.2,C
2017,3,19,19.0,C
2017,3,20,22.3,C
2017,3,21,23.3,C
2017,3,22,17.0,C
2017,3,23,20.5,C
2017,3,24,19.2,C
2017,3,25,19.6,C
2017,3,26,12.8,C
2017,3,27,14.9,C
2017,3,28,18.9,C
2017,3,29,20.3,C
2017,3,30,21.1,C
2017,3,31,20.4,C
2017,4,1,16.9,C
2017,4,2,16.8,C
2017,4,3,18.5,C
2017,4,4,20.5,C
2017,4,5,22.4,C
2017,4,6,22.5,C
2017,4,7,24.0,C
2017,4,8,24.3,C
2017,4,9,24.8,C
2017,4,10,25.0,C
2017,4,11,25.5,C
2017,4,12,18.7,C
2017,4,13,17.6,C
2017,4,14,20.7,C
2017,4,15,23.4,C
2017,4,16,24.8,C
2017,4,17,25.1,C
2017,4,18,25.7,C
2017,4,19,25.9,C
2017,4,20,24.7,C
2017,4,21,25.5,C
2017,4,22,17.3,C
2017,4,23,18.4,C
2017,4,24,19.9,C
2017,4,25,20.8,C
2017,4,26,23.9,C
2017,4,27,20.8,C
2017,4,28,19.8,C
2017,4,29,22.0,C
2017,4,30,22.8,C
2017,5,1,24.1,C
2017,5,2,25.4,C
2017,5,3,26.4,C
2017,5,4,23.6,C
2017,5,5,25.2,C
2017,5,6,26.2,C
2017,5,7,24.1,C
2017,5,8,25.2,C
2017,5,9,25.4,C
2017,5,10,25.8,C
2017,5,11,26.1,C
2017,5,12,26.3,C
2017,5,13,23.9,C
2017,5,14,25.9,C
2017,5,15,24.4,C
2017,5,16,22.9,C
2017,5,17,24.7,C
2017,5,18,22.7,C
2017,5,19,22.4,C
2017,5,20,22.5,C
2017,5,21,23.1,C
2017,5,22,23.7,C
2017,5,23,26.6,C
2017,5,24,24.4,C
2017,5,25,23.7,C
2017,5,26,22.6,C
2017,5,27,22.3,C
2017,5,28,23.8,C
2017,5,29,24.6,C
2017,5,30,25.7,C
2017,5,31,27.6,C
2017,6,1,28.0,C
2017,6,2,28.1,C
2017,6,3,29.3,C
2017,6,4,28.2,C
2017,6,5,29.0,C
2017,6,6,29.1,C
2017,6,7,29.4,C
2017,6,8,28.8,C
2017,6,9,28.5,C
2017,6,10,29.1,C
2017,6,11,29.0,C
2017,6,12,27.1,C
2017,6,13,25.0,C
2017,6,14,26.6,C
2017,6,15,27.8,C
2017,6,16,27.3,C
2017,6,17,25.2,C
2017,6,18,25.7,C
2017,6,19,26.0,C
2017,6,20,25.5,C
2017,6,21,26.3,C
2017,6,22,28.0,C
2017,6,23,27.9,C
2017,6,24,27.6,C
2017,6,25,28.0,C
2017,6,26,28.5,C
2017,6,27,28.2,C
2017,6,28,28.9,C
2017,6,29,28.2,C
2017,6,30,28.0,C
2017,7,1,27.7,C
2017,7,2,27.2,C
2017,7,3,27.1,C
2017,7,4,26.1,C
2017,7,5,27.8,C
2017,7,6,26.6,C
2017,7,7,26.3,C
2017,7,8,26.5,C
2017,7,9,28.1,C
2017,7,10,27.7,C
2017,7,11,28.5,C
2017,7,12,28.2,C
2017,7,13,28.7,C
2017,7,14,28.2,C
2017,7,15,27.6,C
2017,7,16,26.2,C
2017,7,17,25.8,C
2017,7,18,25.2,C
2017,7,19,27.9,C
2017,7,20,27.9,C
2017,7,21,27.9,C
2017,7,22,27.7,C
2017,7,23,25.5,C
2017,7,24,27.5,C
2017,7,25,28.7,C
2017,7,26,28.5,C
2017,7,27,27.0,C
2017,7,28,28.3,C
2017,7,29,28.6,C
2017,7,30,29.9,C
2017,7,31,29.0,C
2017,8,1,29.1,C
2017,8,2,27.7,C
2017,8,3,26.6,C
2017,8,4,26.4,C
2017,8,5,28.9,C
2017,8,6,29.6,C
2017,8,7,29.5,C
2017,8,8,29.3,C
2017,8,9,27.9,C
2017,8,10,28.0,C
2017,8,11,28.5,C
2017,8,12,28.7,C
2017,8,13,28.6,C
2017,8,14,28.7,C
2017,8,15,28.2,C
2017,8,16,27.6,C
2017,8,17,28.2,C
2017,8,18,28.6,C
2017,8,19,28.5,C
2017,8,20,29.0,C
2017,8,21,29.1,C
2017,8,22,29.4,C
2017,8,23,25.1,C
2017,8,24,28.8,C
2017,8,25,27.8,C
2017,8,26,27.6,C
2017,8,27,24.8,C
2017,8,28,24.6,C
2017,8,29,27.8,C
2017,8,30,27.9,C
2017,8,31,27.8,C
2017,9,1,27.2,C
2017,9,2,27.1,C
2017,9,3,26.8,C
2017,9,4,24.9,C
2017,9,5,27.4,C
2017,9,6,28.2,C
2017,9,7,27.1,C
2017,9,8,27.5,C
2017,9,9,27.3,C
2017,9,10,28.4,C
2017,9,11,28.2,C
2017,9,12,28.6,C
2017,9,13,27.6,C
2017,9,14,25.0,C
2017,9,15,27.6,C
2017,9,16,28.2,C
2017,9,17,28.0,C
2017,9,18,27.9,C
2017,9,19,27.3,C
2017,9,20,27.7,C
2017,9,21,27.7,C
2017,9,22,27.8,C
2017,9,23,28.0,C
2017,9,24,27.1,C
2017,9,25,28.1,C
2017,9,26,28.4,C
2017,9,27,28.4,C
2017,9,28,28.2,C
2017,9,29,28.5,C
2017,9,30,26.8,C
2017,10,1,27.3,C
2017,10,2,28.4,C
2017,10,3,28.6,C
2017,10,4,26.7,C
2017,10,5,25.9,C
2017,10,6,26.4,C
2017,10,7,26.9,C
2017,10,8,26.6,C
2017,10,9,26.4,C
2017,10,10,27.1,C
2017,10,11,27.3,C
2017,10,12,26.5,C
2017,10,13,23.6,C
2017,10,14,20.9,C
2017,10,15,21.2,C
2017,10,16,26.0,C
2017,10,17,24.5,C
2017,10,18,24.4,C
2017,10,19,22.7,C
2017,10,20,22.0,C
2017,10,21,21.3,C
2017,10,22,20.2,C
2017,10,23,20.3,C
2017,10,24,21.4,C
2017,10,25,21.5,C
2017,10,26,22.5,C
2017,10,27,21.0,C
2017,10,28,20.9,C
2017,10,29,19.9,C
2017,10,30,18.2,C
2017,10,31,18.3,C
2017,11,1,20.1,C
2017,11,2,21.0,C
2017,11,3,20.2,C
2017,11,4,18.4,C
2017,11,5,19.2,C
2017,11,6,20.3,C
2017,11,7,21.4,C
2017,11,8,22.8,C
2017,11,9,22.6,C
2017,11,10,23.8,C
2017,11,11,23.1,C
2017,11,12,20.5,C
2017,11,13,20.7,C
2017,11,14,21.9,C
2017,11,15,21.6,C
2017,11,16,22.3,C
2017,11,17,23.8,C
2017,11,18,22.7,C
2017,11,19,17.7,C
2017,11,20,16.8,C
2017,11,21,17.0,C
2017,11,22,18.0,C
2017,11,23,14.7,C
2017,11,24,14.9,C
2017,11,25,15.3,C
2017,11,26,18.1,C
2017,11,27,18.3,C
2017,11,28,20.5,C
2017,11,29,22.8,C
2017,11,30,21.0,C
2017,12,1,18.7,C
2017,12,2,18.1,C
2017,12,3,18.9,C
2017,12,4,18.6,C
2017,12,5,15.4,C
2017,12,6,***,#
2017,12,7,***,#
2017,12,8,***,#
2017,12,9,***,#
2017,12,10,***,#
2017,12,11,***,#
2017,12,12,15.6,C
2017,12,13,16.1,C
2017,12,14,17.9,C
2017,12,15,18.6,C
2017,12,16,13.2,C
2017,12,17,9.4,C
2017,12,18,10.7,C
2017,12,19,10.1,C
2017,12,20,11.0,C
2017,12,21,11.6,C
2017,12,22,14.7,C
2017,12,23,17.0,C
2017,12,24,18.3,C
2017,12,25,13.5,C
2017,12,26,16.0,C
2017,12,27,16.2,C
2017,12,28,16.7,C
2017,12,29,18.2,C
2017,12,30,***,#
2017,12,31,***,#
2018,1,1,***,#
2018,1,2,***,#
2018,1,3,19.1,C
2018,1,4,17.4,C
2018,1,5,19.2,C
2018,1,6,14.8,C
2018,1,7,16.2,C
2018,1,8,15.7,C
2018,1,9,6.6,C
2018,1,10,8.3,C
2018,1,11,9.7,C
2018,1,12,8.9,C
2018,1,13,10.8,C
2018,1,14,12.8,C
2018,1,15,14.9,C
2018,1,16,17.2,C
2018,1,17,17.7,C
2018,1,18,18.2,C
2018,1,19,17.5,C
2018,1,20,17.9,C
2018,1,21,17.5,C
2018,1,22,19.3,C
2018,1,23,17.7,C
2018,1,24,16.2,C
2018,1,25,15.7,C
2018,1,26,15.7,C
2018,1,27,13.5,C
2018,1,28,16.1,C
2018,1,29,7.9,C
2018,1,30,7.8,C
2018,1,31,8.2,C
2018,2,1,7.8,C
2018,2,2,8.2,C
2018,2,3,6.4,C
2018,2,4,6.5,C
2018,2,5,6.0,C
2018,2,6,8.2,C
2018,2,7,9.6,C
2018,2,8,11.5,C
2018,2,9,13.5,C
2018,2,10,17.5,C
2018,2,11,13.4,C
2018,2,12,12.2,C
2018,2,13,12.7,C
2018,2,14,13.4,C
2018,2,15,19.3,C
2018,2,16,20.1,C
2018,2,17,16.1,C
2018,2,18,16.9,C
2018,2,19,20.7,C
2018,2,20,21.1,C
2018,2,21,16.8,C
2018,2,22,13.5,C
2018,2,23,13.6,C
2018,2,24,16.6,C
2018,2,25,20.6,C
2018,2,26,15.3,C
2018,2,27,17.7,C
2018,2,28,21.0,C
2018,3,1,21.4,C
2018,3,2,19.7,C
2018,3,3,21.6,C
2018,3,4,23.4,C
2018,3,5,24.9,C
2018,3,6,16.9,C
2018,3,7,17.3,C
2018,3,8,11.7,C
2018,3,9,12.8,C
2018,3,10,14.4,C
2018,3,11,16.0,C
2018,3,12,17.8,C
2018,3,13,20.2,C
2018,3,14,18.3,C
2018,3,15,21.7,C
2018,3,16,22.3,C
2018,3,17,17.4,C
2018,3,18,20.2,C
2018,3,19,22.1,C
2018,3,20,19.4,C
2018,3,21,15.2,C
2018,3,22,16.7,C
2018,3,23,17.9,C
2018,3,24,19.7,C
2018,3,25,18.8,C
2018,3,26,20.8,C
2018,3,27,21.3,C
2018,3,28,21.5,C
2018,3,29,21.7,C
2018,3,30,21.9,C
2018,3,31,20.5,C
2018,4,1,21.9,C
2018,4,2,22.6,C
2018,4,3,23.4,C
2018,4,4,24.0,C
2018,4,5,23.7,C
2018,4,6,21.0,C
2018,4,7,12.2,C
2018,4,8,17.3,C
2018,4,9,21.2,C
2018,4,10,22.9,C
2018,4,11,23.9,C
2018,4,12,24.6,C
2018,4,13,25.5,C
2018,4,14,25.1,C
2018,4,15,19.1,C
2018,4,16,16.7,C
2018,4,17,18.2,C
2018,4,18,20.7,C
2018,4,19,21.8,C
2018,4,20,21.7,C
2018,4,21,23.7,C
2018,4,22,25.0,C
2018,4,23,***,#
2018,4,24,24.2,C
2018,4,25,21.2,C
2018,4,26,21.7,C
2018,4,27,23.8,C
2018,4,28,23.0,C
2018,4,29,25.1,C
2018,4,30,25.7,C
2018,5,1,26.4,C
2018,5,2,27.2,C
2018,5,3,26.4,C
2018,5,4,22.1,C
2018,5,5,24.2,C
2018,5,6,26.8,C
2018,5,7,26.9,C
2018,5,8,24.5,C
2018,5,9,23.2,C
2018,5,10,21.6,C
2018,5,11,22.7,C
2018,5,12,26.3,C
2018,5,13,27.6,C
2018,5,14,28.2,C
2018,5,15,27.2,C
2018,5,16,27.4,C
2018,5,17,28.2,C
2018,5,18,28.5,C
2018,5,19,28.7,C
2018,5,20,28.5,C
2018,5,21,28.3,C
2018,5,22,27.7,C
2018,5,23,28.4,C
2018,5,24,27.8,C
2018,5,25,27.8,C
2018,5,26,29.0,C
2018,5,27,29.3,C
2018,5,28,28.3,C
2018,5,29,29.0,C
2018,5,30,29.1,C
2018,5,31,29.2,C
2018,6,1,28.2,C
2018,6,2,27.0,C
2018,6,3,26.9,C
2018,6,4,26.4,C
2018,6,5,26.4,C
2018,6,6,25.9,C
2018,6,7,26.3,C
2018,6,8,26.2,C
2018,6,9,27.3,C
2018,6,10,27.9,C
2018,6,11,26.4,C
2018,6,12,26.1,C
2018,6,13,26.2,C
2018,6,14,25.5,C
2018,6,15,25.0,C
2018,6,16,25.5,C
2018,6,17,26.2,C
2018,6,18,27.8,C
2018,6,19,28.1,C
2018,6,20,29.2,C
2018,6,21,29.0,C
2018,6,22,26.4,C
2018,6,23,25.8,C
2018,6,24,28.3,C
2018,6,25,27.1,C
2018,6,26,28.7,C
2018,6,27,27.9,C
2018,6,28,28.6,C
2018,6,29,29.0,C
2018,6,30,29.4,C
2018,7,1,29.0,C
2018,7,2,27.7,C
2018,7,3,27.7,C
2018,7,4,29.0,C
2018,7,5,27.9,C
2018,7,6,29.1,C
2018,7,7,27.3,C
2018,7,8,28.0,C
2018,7,9,27.6,C
2018,7,10,27.5,C
2018,7,11,28.4,C
2018,7,12,28.5,C
2018,7,13,25.5,C
2018,7,14,26.4,C
2018,7,15,25.3,C
2018,7,16,26.6,C
2018,7,17,28.4,C
2018,7,18,26.5,C
2018,7,19,26.9,C
2018,7,20,27.6,C
2018,7,21,28.0,C
2018,7,22,28.0,C
2018,7,23,27.3,C
2018,7,24,28.5,C
2018,7,25,28.9,C
2018,7,26,28.9,C
2018,7,27,28.7,C
2018,7,28,29.2,C
2018,7,29,28.5,C
2018,7,30,28.9,C
2018,7,31,28.9,C
2018,8,1,28.4,C
2018,8,2,29.1,C
2018,8,3,28.8,C
2018,8,4,28.2,C
2018,8,5,28.7,C
2018,8,6,28.2,C
2018,8,7,28.3,C
2018,8,8,28.3,C
2018,8,9,28.1,C
2018,8,10,26.7,C
2018,8,11,26.0,C
2018,8,12,26.1,C
2018,8,13,28.1,C
2018,8,14,27.1,C
2018,8,15,27.4,C
2018,8,16,27.0,C
2018,8,17,26.1,C
2018,8,18,27.9,C
2018,8,19,27.7,C
2018,8,20,27.0,C
2018,8,21,27.8,C
2018,8,22,28.5,C
2018,8,23,27.7,C
2018,8,24,28.6,C
2018,8,25,28.3,C
2018,8,26,27.0,C
2018,8,27,26.6,C
2018,8,28,26.0,C
2018,8,29,26.3,C
2018,8,30,26.4,C
2018,8,31,26.4,C
2018,9,1,25.2,C
2018,9,2,26.4,C
2018,9,3,26.8,C
2018,9,4,28.7,C
2018,9,5,29.3,C
2018,9,6,29.1,C
2018,9,7,28.0,C
2018,9,8,25.6,C
2018,9,9,24.6,C
2018,9,10,24.8,C
2018,9,11,25.5,C
2018,9,12,25.0,C
2018,9,13,26.6,C
2018,9,14,27.7,C
2018,9,15,28.0,C
2018,9,16,24.3,C
2018,9,17,25.9,C
2018,9,18,28.3,C
2018,9,19,27.7,C
2018,9,20,27.6,C
2018,9,21,27.4,C
2018,9,22,27.7,C
2018,9,23,27.8,C
2018,9,24,26.0,C
2018,9,25,25.3,C
2018,9,26,25.2,C
2018,9,27,25.5,C
2018,9,28,24.8,C
2018,9,29,23.8,C
2018,9,30,23.6,C
2018,10,1,24.2,C
2018,10,2,23.9,C
2018,10,3,23.9,C
2018,10,4,22.1,C
2018,10,5,20.3,C
2018,10,6,21.3,C
2018,10,7,24.3,C
2018,10,8,24.5,C
2018,10,9,24.5,C
2018,10,10,23.6,C
2018,10,11,20.4,C
2018,10,12,21.2,C
2018,10,13,21.9,C
2018,10,14,23.3,C
2018,10,15,24.3,C
2018,10,16,23.7,C
2018,10,17,21.8,C
2018,10,18,21.2,C
2018,10,19,22.0,C
2018,10,20,21.7,C
2018,10,21,23.2,C
2018,10,22,23.6,C
2018,10,23,23.2,C
2018,10,24,23.5,C
2018,10,25,24.0,C
2018,10,26,24.8,C
2018,10,27,21.7,C
2018,10,28,19.8,C
2018,10,29,18.5,C
2018,10,30,17.9,C
2018,10,31,17.4,C
2018,11,1,18.9,C
2018,11,2,19.6,C
2018,11,3,20.4,C
2018,11,4,22.1,C
2018,11,5,22.8,C
2018,11,6,22.2,C
2018,11,7,23.5,C
2018,11,8,23.9,C
2018,11,9,22.3,C
2018,11,10,21.5,C
2018,11,11,22.5,C
2018,11,12,23.4,C
2018,11,13,22.5,C
2018,11,14,21.3,C
2018,11,15,21.0,C
2018,11,16,22.2,C
2018,11,17,22.0,C
2018,11,18,22.8,C
2018,11,19,21.7,C
2018,11,20,21.0,C
2018,11,21,23.8,C
2018,11,22,16.7,C
2018,11,23,18.7,C
2018,11,24,19.3,C
2018,11,25,17.3,C
2018,11,26,18.0,C
2018,11,27,18.9,C
2018,11,28,19.2,C
2018,11,29,19.4,C
2018,11,30,19.1,C
2018,12,1,20.8,C
2018,12,2,21.6,C
2018,12,3,22.7,C
2018,12,4,24.4,C
2018,12,5,21.6,C
2018,12,6,22.2,C
2018,12,7,19.8,C
2018,12,8,15.7,C
2018,12,9,14.6,C
2018,12,10,14.6,C
2018,12,11,16.2,C
2018,12,12,11.9,C
2018,12,13,13.3,C
2018,12,14,14.1,C
2018,12,15,17.5,C
2018,12,16,17.8,C
2018,12,17,14.9,C
2018,12,18,14.5,C
2018,12,19,18.5,C
2018,12,20,20.7,C
2018,12,21,22.2,C
2018,12,22,20.8,C
2018,12,23,19.0,C
2018,12,24,16.3,C
2018,12,25,18.0,C
2018,12,26,20.8,C
2018,12,27,18.8,C
2018,12,28,16.2,C
2018,12,29,11.1,C
2018,12,30,10.4,C
2018,12,31,11.2,C
2019,1,1,12.5,C
2019,1,2,11.9,C
2019,1,3,14.6,C
2019,1,4,17.7,C
2019,1,5,19.8,C
2019,1,6,17.2,C
2019,1,7,17.1,C
2019,1,8,18.0,C
2019,1,9,16.7,C
2019,1,10,18.0,C
2019,1,11,20.3,C
2019,1,12,20.9,C
2019,1,13,17.5,C
2019,1,14,17.4,C
2019,1,15,18.7,C
2019,1,16,15.1,C
2019,1,17,15.4,C
2019,1,18,14.7,C
2019,1,19,16.9,C
2019,1,20,19.1,C
2019,1,21,15.1,C
2019,1,22,12.7,C
2019,1,23,13.7,C
2019,1,24,14.9,C
2019,1,25,16.9,C
2019,1,26,16.9,C
2019,1,27,14.7,C
2019,1,28,14.6,C
2019,1,29,16.7,C
2019,1,30,17.3,C
2019,1,31,20.7,C
2019,2,1,15.0,C
2019,2,2,17.3,C
2019,2,3,21.7,C
2019,2,4,21.6,C
2019,2,5,19.0,C
2019,2,6,21.4,C
2019,2,7,22.3,C
2019,2,8,21.0,C
2019,2,9,18.3,C
2019,2,10,16.7,C
2019,2,11,16.9,C
2019,2,12,18.4,C
2019,2,13,20.1,C
2019,2,14,19.4,C
2019,2,15,19.1,C
2019,2,16,21.7,C
2019,2,17,17.3,C
2019,2,18,16.6,C
2019,2,19,20.3,C
2019,2,20,22.8,C
2019,2,21,21.3,C
2019,2,22,20.0,C
2019,2,23,16.6,C
2019,2,24,15.6,C
2019,2,25,16.4,C
2019,2,26,17.4,C
2019,2,27,20.1,C
2019,2,28,22.2,C
2019,3,1,19.3,C
2019,3,2,20.6,C
2019,3,3,20.5,C
2019,3,4,19.4,C
2019,3,5,22.2,C
2019,3,6,19.2,C
2019,3,7,16.6,C
2019,3,8,15.5,C
2019,3,9,17.3,C
2019,3,10,16.7,C
2019,3,11,17.2,C
2019,3,12,19.0,C
2019,3,13,18.3,C
2019,3,14,18.7,C
2019,3,15,16.0,C
2019,3,16,16.5,C
2019,3,17,19.2,C
2019,3,18,20.7,C
2019,3,19,23.0,C
2019,3,20,22.6,C
2019,3,21,24.0,C
2019,3,22,24.3,C
2019,3,23,18.6,C
2019,3,24,15.9,C
2019,3,25,19.9,C
2019,3,26,21.0,C
2019,3,27,21.4,C
2019,3,28,24.1,C
2019,3,29,24.1,C
2019,3,30,21.6,C
2019,3,31,19.5,C
2019,4,1,18.5,C
2019,4,2,19.0,C
2019,4,3,21.7,C
2019,4,4,20.1,C
2019,4,5,23.1,C
2019,4,6,24.2,C
2019,4,7,24.8,C
2019,4,8,25.6,C
2019,4,9,25.2,C
2019,4,10,26.0,C
2019,4,11,25.8,C
2019,4,12,20.6,C
2019,4,13,20.0,C
2019,4,14,21.9,C
2019,4,15,20.0,C
2019,4,16,20.3,C
2019,4,17,23.0,C
2019,4,18,22.8,C
2019,4,19,23.9,C
2019,4,20,23.1,C
2019,4,21,26.0,C
2019,4,22,26.6,C
2019,4,23,27.4,C
2019,4,24,27.0,C
2019,4,25,27.4,C
2019,4,26,27.4,C
2019,4,27,23.2,C
2019,4,28,23.5,C
2019,4,29,25.8,C
2019,4,30,25.2,C
2019,5,1,23.9,C
2019,5,2,20.5,C
2019,5,3,19.5,C
2019,5,4,19.7,C
2019,5,5,20.7,C
2019,5,6,21.0,C
2019,5,7,19.1,C
2019,5,8,19.0,C
2019,5,9,22.5,C
2019,5,10,23.3,C
2019,5,11,24.4,C
2019,5,12,24.1,C
2019,5,13,24.1,C
2019,5,14,27.2,C
2019,5,15,27.1,C
2019,5,16,28.0,C
2019,5,17,28.3,C
2019,5,18,28.9,C
2019,5,19,29.0,C
2019,5,20,28.3,C
2019,5,21,23.1,C
2019,5,22,24.4,C
2019,5,23,25.0,C
2019,5,24,23.7,C
2019,5,25,26.1,C
2019,5,26,25.9,C
2019,5,27,25.8,C
2019,5,28,25.4,C
2019,5,29,23.6,C
2019,5,30,23.4,C
2019,5,31,25.2,C
2019,6,1,26.8,C
2019,6,2,27.1,C
2019,6,3,26.6,C
2019,6,4,27.3,C
2019,6,5,28.7,C
2019,6,6,28.7,C
2019,6,7,28.6,C
2019,6,8,28.8,C
2019,6,9,28.6,C
2019,6,10,28.5,C
2019,6,11,27.5,C
2019,6,12,27.3,C
2019,6,13,26.8,C
2019,6,14,26.8,C
2019,6,15,26.7,C
2019,6,16,26.3,C
2019,6,17,26.2,C
2019,6,18,27.8,C
2019,6,19,28.2,C
2019,6,20,29.3,C
2019,6,21,29.6,C
2019,6,22,29.6,C
2019,6,23,29.0,C
2019,6,24,28.0,C
2019,6,25,26.6,C
2019,6,26,27.7,C
2019,6,27,29.3,C
2019,6,28,29.5,C
2019,6,29,29.5,C
2019,6,30,28.9,C
2019,7,1,28.6,C
2019,7,2,27.8,C
2019,7,3,25.8,C
2019,7,4,27.8,C
2019,7,5,28.4,C
2019,7,6,28.5,C
2019,7,7,28.0,C
2019,7,8,28.1,C
2019,7,9,28.3,C
2019,7,10,27.4,C
2019,7,11,27.9,C
2019,7,12,28.5,C
2019,7,13,28.5,C
2019,7,14,28.3,C
2019,7,15,29.1,C
2019,7,16,29.0,C
2019,7,17,29.4,C
2019,7,18,30.2,C
2019,7,19,28.5,C
2019,7,20,27.9,C
2019,7,21,28.5,C
2019,7,22,28.0,C
2019,7,23,28.4,C
2019,7,24,28.8,C
2019,7,25,28.8,C
2019,7,26,29.4,C
2019,7,27,29.1,C
2019,7,28,27.7,C
2019,7,29,27.2,C
2019,7,30,27.5,C
2019,7,31,25.1,C
2019,8,1,25.3,C
2019,8,2,26.3,C
2019,8,3,25.7,C
2019,8,4,26.2,C
2019,8,5,28.3,C
2019,8,6,27.8,C
2019,8,7,27.1,C
2019,8,8,28.8,C
2019,8,9,29.7,C
2019,8,10,29.8,C
2019,8,11,29.3,C
2019,8,12,30.2,C
2019,8,13,29.9,C
2019,8,14,29.0,C
2019,8,15,28.9,C
2019,8,16,28.9,C
2019,8,17,27.1,C
2019,8,18,27.4,C
2019,8,19,28.0,C
2019,8,20,27.6,C
2019,8,21,27.6,C
2019,8,22,28.3,C
2019,8,23,27.9,C
2019,8,24,29.3,C
2019,8,25,26.2,C
2019,8,26,25.8,C
2019,8,27,28.3,C
2019,8,28,28.8,C
2019,8,29,27.8,C
2019,8,30,26.3,C
2019,8,31,26.6,C
2019,9,1,27.0,C
2019,9,2,26.0,C
2019,9,3,26.6,C
2019,9,4,25.9,C
2019,9,5,26.6,C
2019,9,6,27.5,C
2019,9,7,28.6,C
2019,9,8,29.0,C
2019,9,9,28.0,C
2019,9,10,28.2,C
2019,9,11,28.3,C
2019,9,12,28.3,C
2019,9,13,28.3,C
2019,9,14,28.0,C
2019,9,15,26.9,C
2019,9,16,27.4,C
2019,9,17,27.1,C
2019,9,18,27.3,C
2019,9,19,25.9,C
2019,9,20,23.5,C
2019,9,21,22.6,C
2019,9,22,21.2,C
2019,9,23,23.2,C
2019,9,24,24.8,C
2019,9,25,24.4,C
2019,9,26,25.0,C
2019,9,27,24.9,C
2019,9,28,25.3,C
2019,9,29,26.7,C
2019,9,30,26.5,C
2019,10,1,25.9,C
2019,10,2,27.4,C
2019,10,3,26.4,C
2019,10,4,25.9,C
2019,10,5,26.5,C
2019,10,6,23.8,C
2019,10,7,25.4,C
2019,10,8,26.0,C
2019,10,9,25.5,C
2019,10,10,25.9,C
2019,10,11,26.7,C
2019,10,12,26.4,C
2019,10,13,25.6,C
2019,10,14,24.4,C
2019,10,15,23.3,C
2019,10,16,22.0,C
2019,10,17,23.0,C
2019,10,18,23.4,C
2019,10,19,23.2,C
2019,10,20,23.1,C
2019,10,21,23.0,C
2019,10,22,22.0,C
2019,10,23,23.0,C
2019,10,24,23.4,C
2019,10,25,23.5,C
2019,10,26,23.4,C
2019,10,27,23.7,C
2019,10,28,23.9,C
2019,10,29,19.1,C
2019,10,30,19.8,C
2019,10,31,21.2,C
2019,11,1,23.3,C
2019,11,2,22.9,C
2019,11,3,24.2,C
2019,11,4,20.1,C
2019,11,5,19.5,C
2019,11,6,20.8,C
2019,11,7,19.0,C
2019,11,8,18.7,C
2019,11,9,19.0,C
2019,11,10,20.1,C
2019,11,11,20.7,C
2019,11,12,21.3,C
2019,11,13,22.3,C
2019,11,14,19.5,C
2019,11,15,20.2,C
2019,11,16,20.7,C
2019,11,17,22.4,C
2019,11,18,22.8,C
2019,11,19,17.1,C
2019,11,20,18.3,C
2019,11,21,19.1,C
2019,11,22,19.2,C
2019,11,23,21.9,C
2019,11,24,22.2,C
2019,11,25,21.9,C
2019,11,26,19.0,C
2019,11,27,20.7,C
2019,11,28,16.8,C
2019,11,29,16.8,C
2019,11,30,18.2,C
2019,12,1,20.0,C
2019,12,2,13.9,C
2019,12,3,12.0,C
2019,12,4,12.2,C
2019,12,5,10.1,C
2019,12,6,11.2,C
2019,12,7,11.0,C
2019,12,8,11.8,C
2019,12,9,14.2,C
2019,12,10,16.2,C
2019,12,11,16.4,C
2019,12,12,15.7,C
2019,12,13,17.3,C
2019,12,14,17.8,C
2019,12,15,17.7,C
2019,12,16,19.0,C
2019,12,17,21.4,C
2019,12,18,21.9,C
2019,12,19,18.4,C
2019,12,20,17.1,C
2019,12,21,18.1,C
2019,12,22,19.9,C
2019,12,23,18.6,C
2019,12,24,19.8,C
2019,12,25,19.1,C
2019,12,26,20.3,C
2019,12,27,15.3,C
2019,12,28,15.9,C
2019,12,29,17.3,C
2019,12,30,19.8,C
2019,12,31,17.5,C
2020,1,1,15.6,C
2020,1,2,16.7,C
2020,1,3,18.4,C
2020,1,4,18.7,C
2020,1,5,18.5,C
2020,1,6,19.7,C
2020,1,7,22.1,C
2020,1,8,19.9,C
2020,1,9,17.2,C
2020,1,10,18.4,C
2020,1,11,20.6,C
2020,1,12,14.6,C
2020,1,13,15.9,C
2020,1,14,17.4,C
2020,1,15,17.8,C
2020,1,16,19.2,C
2020,1,17,14.8,C
2020,1,18,16.1,C
2020,1,19,16.3,C
2020,1,20,16.0,C
2020,1,21,17.0,C
2020,1,22,19.6,C
2020,1,23,21.5,C
2020,1,24,21.2,C
2020,1,25,18.8,C
2020,1,26,15.4,C
2020,1,27,10.3,C
2020,1,28,10.3,C
2020,1,29,10.2,C
2020,1,30,10.3,C
2020,1,31,11.2,C
2020,2,1,14.2,C
2020,2,2,15.0,C
2020,2,3,16.3,C
2020,2,4,15.4,C
2020,2,5,15.8,C
2020,2,6,15.0,C
2020,2,7,17.5,C
2020,2,8,15.4,C
2020,2,9,14.0,C
2020,2,10,14.4,C
2020,2,11,15.8,C
2020,2,12,20.6,C
2020,2,13,18.8,C
2020,2,14,20.3,C
2020,2,15,20.4,C
2020,2,16,12.0,C
2020,2,17,9.8,C
2020,2,18,11.0,C
2020,2,19,13.5,C
2020,2,20,14.8,C
2020,2,21,17.0,C
2020,2,22,18.8,C
2020,2,23,17.1,C
2020,2,24,17.8,C
2020,2,25,21.3,C
2020,2,26,23.1,C
2020,2,27,18.2,C
2020,2,28,19.0,C
2020,2,29,21.5,C
2020,3,1,22.4,C
2020,3,2,17.9,C
2020,3,3,17.3,C
2020,3,4,18.7,C
2020,3,5,16.5,C
2020,3,6,16.3,C
2020,3,7,20.2,C
2020,3,8,21.4,C
2020,3,9,22.3,C
2020,3,10,19.9,C
2020,3,11,16.0,C
2020,3,12,18.2,C
2020,3,13,21.5,C
2020,3,14,19.2,C
2020,3,15,16.9,C
2020,3,16,18.0,C
2020,3,17,17.8,C
2020,3,18,19.1,C
2020,3,19,20.3,C
2020,3,20,19.9,C
2020,3,21,21.1,C
2020,3,22,24.2,C
2020,3,23,24.5,C
2020,3,24,21.3,C
2020,3,25,21.4,C
2020,3,26,23.1,C
2020,3,27,24.0,C
2020,3,28,22.9,C
2020,3,29,19.4,C
2020,3,30,19.9,C
2020,3,31,20.2,C
2020,4,1,19.2,C
2020,4,2,18.5,C
2020,4,3,19.3,C
2020,4,4,20.2,C
2020,4,5,16.6,C
2020,4,6,15.9,C
2020,4,7,18.3,C
2020,4,8,17.7,C
2020,4,9,18.9,C
2020,4,10,19.1,C
2020,4,11,22.0,C
2020,4,12,17.3,C
2020,4,13,14.9,C
2020,4,14,18.1,C
2020,4,15,20.2,C
2020,4,16,22.1,C
2020,4,17,23.1,C
2020,4,18,23.2,C
2020,4,19,24.9,C
2020,4,20,25.8,C
2020,4,21,25.6,C
2020,4,22,20.9,C
2020,4,23,19.6,C
2020,4,24,17.7,C
2020,4,25,19.1,C
2020,4,26,21.8,C
2020,4,27,21.3,C
2020,4,28,21.5,C
2020,4,29,22.6,C
2020,4,30,23.5,C
2020,5,1,24.9,C
2020,5,2,25.4,C
2020,5,3,26.8,C
2020,5,4,27.3,C
2020,5,5,27.3,C
2020,5,6,27.7,C
2020,5,7,27.6,C
2020,5,8,28.0,C
2020,5,9,27.8,C
2020,5,10,28.3,C
2020,5,11,27.6,C
2020,5,12,26.0,C
2020,5,13,25.1,C
2020,5,14,25.9,C
2020,5,15,27.4,C
2020,5,16,27.7,C
2020,5,17,27.6,C
2020,5,18,25.1,C
2020,5,19,26.9,C
2020,5,20,26.3,C
2020,5,21,26.8,C
2020,5,22,26.5,C
2020,5,23,24.5,C
2020,5,24,25.5,C
2020,5,25,25.9,C
2020,5,26,28.1,C
2020,5,27,27.5,C
2020,5,28,27.0,C
2020,5,29,27.2,C
2020,5,30,24.9,C
2020,5,31,28.0,C
2020,6,1,28.4,C
2020,6,2,27.6,C
2020,6,3,28.0,C
2020,6,4,28.4,C
2020,6,5,28.4,C
2020,6,6,25.1,C
2020,6,7,25.9,C
2020,6,8,***,#
2020,6,9,***,#
2020,6,10,***,#
2020,6,11,***,#
2020,6,12,27.8,C
2020,6,13,28.3,C
2020,6,14,26.3,C
2020,6,15,27.7,C
2020,6,16,27.3,C
2020,6,17,27.5,C
2020,6,18,28.4,C
2020,6,19,28.7,C
2020,6,20,28.8,C
2020,6,21,28.9,C
2020,6,22,29.1,C
2020,6,23,29.2,C
2020,6,24,28.9,C
2020,6,25,28.1,C
2020,6,26,28.2,C
2020,6,27,28.3,C
2020,6,28,28.8,C
2020,6,29,28.2,C
2020,6,30,29.0,C
2020,7,1,28.2,C
2020,7,2,28.1,C
2020,7,3,27.8,C
2020,7,4,28.3,C
2020,7,5,28.4,C
2020,7,6,28.2,C
2020,7,7,28.8,C
2020,7,8,28.5,C
2020,7,9,28.4,C
2020,7,10,27.7,C
2020,7,11,28.2,C
2020,7,12,28.7,C
2020,7,13,29.0,C
2020,7,14,29.0,C
2020,7,15,28.7,C
2020,7,16,29.0,C
2020,7,17,28.5,C
2020,7,18,28.9,C
2020,7,19,28.9,C
2020,7,20,28.1,C
2020,7,21,28.6,C
2020,7,22,27.8,C
2020,7,23,28.6,C
2020,7,24,29.2,C
2020,7,25,29.1,C
2020,7,26,29.1,C
2020,7,27,29.1,C
2020,7,28,29.0,C
2020,7,29,28.3,C
2020,7,30,27.7,C
2020,7,31,25.6,C
2020,8,1,26.3,C
2020,8,2,26.5,C
2020,8,3,25.7,C
2020,8,4,26.9,C
2020,8,5,27.3,C
2020,8,6,28.8,C
2020,8,7,28.6,C
2020,8,8,28.8,C
2020,8,9,28.2,C
2020,8,10,28.5,C
2020,8,11,28.2,C
2020,8,12,26.4,C
2020,8,13,27.0,C
2020,8,14,28.1,C
2020,8,15,28.4,C
2020,8,16,***,#
2020,8,17,27.1,C
2020,8,18,25.7,C
2020,8,19,25.6,C
2020,8,20,27.9,C
2020,8,21,28.2,C
2020,8,22,28.1,C
2020,8,23,28.0,C
2020,8,24,28.6,C
2020,8,25,29.4,C
2020,8,26,28.9,C
2020,8,27,27.6,C
2020,8,28,28.0,C
2020,8,29,28.2,C
2020,8,30,28.0,C
2020,8,31,27.7,C
2020,9,1,28.9,C
2020,9,2,28.2,C
2020,9,3,28.4,C
2020,9,4,28.2,C
2020,9,5,26.4,C
2020,9,6,27.7,C
2020,9,7,27.6,C
2020,9,8,25.7,C
2020,9,9,26.7,C
2020,9,10,27.0,C
2020,9,11,27.5,C
2020,9,12,27.2,C
2020,9,13,27.6,C
2020,9,14,26.8,C
2020,9,15,26.0,C
2020,9,16,28.5,C
2020,9,17,27.5,C
2020,9,18,27.2,C
2020,9,19,26.6,C
2020,9,20,27.8,C
2020,9,21,26.6,C
2020,9,22,27.3,C
2020,9,23,27.4,C
2020,9,24,26.8,C
2020,9,25,25.9,C
2020,9,26,25.2,C
2020,9,27,25.7,C
2020,9,28,24.8,C
2020,9,29,25.7,C
2020,9,30,26.8,C
2020,10,1,24.2,C
2020,10,2,25.3,C
2020,10,3,26.2,C
2020,10,4,27.0,C
2020,10,5,25.8,C
2020,10,6,23.3,C
2020,10,7,21.8,C
2020,10,8,21.8,C
2020,10,9,22.4,C
2020,10,10,22.8,C
2020,10,11,24.2,C
2020,10,12,25.1,C
2020,10,13,22.7,C
2020,10,14,23.0,C
2020,10,15,23.4,C
2020,10,16,24.3,C
2020,10,17,22.6,C
2020,10,18,22.6,C
2020,10,19,21.6,C
2020,10,20,22.3,C
2020,10,21,21.1,C
2020,10,22,20.8,C
2020,10,23,17.4,C
2020,10,24,18.0,C
2020,10,25,20.6,C
2020,10,26,22.6,C
2020,10,27,22.6,C
2020,10,28,21.6,C
2020,10,29,21.8,C
2020,10,30,22.1,C
2020,10,31,20.1,C
2020,11,1,22.0,C
2020,11,2,22.1,C
2020,11,3,20.1,C
2020,11,4,20.0,C
2020,11,5,19.7,C
2020,11,6,22.0,C
2020,11,7,22.8,C
2020,11,8,20.8,C
2020,11,9,18.6,C
2020,11,10,17.0,C
2020,11,11,19.2,C
2020,11,12,18.4,C
2020,11,13,18.0,C
2020,11,14,19.0,C
2020,11,15,20.3,C
2020,11,16,22.2,C
2020,11,17,22.3,C
2020,11,18,23.5,C
2020,11,19,24.7,C
2020,11,20,25.2,C
2020,11,21,21.6,C
2020,11,22,24.1,C
2020,11,23,20.4,C
2020,11,24,21.5,C
2020,11,25,21.9,C
2020,11,26,22.8,C
2020,11,27,20.5,C
2020,11,28,17.1,C
2020,11,29,16.5,C
2020,11,30,16.0,C
2020,12,1,16.9,C
2020,12,2,16.5,C
2020,12,3,14.9,C
2020,12,4,13.4,C
2020,12,5,14.4,C
2020,12,6,16.2,C
2020,12,7,17.5,C
2020,12,8,16.2,C
2020,12,9,16.5,C
2020,12,10,18.7,C
2020,12,11,20.3,C
2020,12,12,19.0,C
2020,12,13,18.6,C
2020,12,14,17.8,C
2020,12,15,12.4,C
2020,12,16,11.9,C
2020,12,17,12.6,C
2020,12,18,14.1,C
2020,12,19,12.2,C
2020,12,20,11.9,C
2020,12,21,13.5,C
2020,12,22,14.3,C
2020,12,23,16.7,C
2020,12,24,18.7,C
2020,12,25,17.1,C
2020,12,26,17.1,C
2020,12,27,18.9,C
2020,12,28,18.2,C
2020,12,29,19.6,C
2020,12,30,10.6,C
2020,12,31,6.7,C
2021,1,1,8.3,C
2021,1,2,10.5,C
2021,1,3,14.4,C
2021,1,4,14.8,C
2021,1,5,15.4,C
2021,1,6,14.7,C
2021,1,7,12.7,C
2021,1,8,5.1,C
2021,1,9,5.7,C
2021,1,10,7.5,C
2021,1,11,5.4,C
2021,1,12,7.4,C
2021,1,13,9.5,C
2021,1,14,12.0,C
2021,1,15,14.5,C
2021,1,16,15.1,C
2021,1,17,13.1,C
2021,1,18,10.9,C
2021,1,19,11.6,C
2021,1,20,15.7,C
2021,1,21,18.0,C
2021,1,22,19.9,C
2021,1,23,19.0,C
2021,1,24,16.6,C
2021,1,25,17.6,C
2021,1,26,18.3,C
2021,1,27,17.0,C
2021,1,28,17.4,C
2021,1,29,13.0,C
2021,1,30,14.1,C
2021,1,31,15.8,C
2021,2,1,19.7,C
2021,2,2,20.1,C
2021,2,3,15.4,C
2021,2,4,16.6,C
2021,2,5,17.9,C
2021,2,6,19.3,C
2021,2,7,18.3,C
2021,2,8,18.1,C
2021,2,9,15.8,C
2021,2,10,15.1,C
2021,2,11,15.6,C
2021,2,12,16.6,C
2021,2,13,17.5,C
2021,2,14,18.4,C
2021,2,15,18.4,C
2021,2,16,17.6,C
2021,2,17,17.4,C
2021,2,18,15.0,C
2021,2,19,15.7,C
2021,2,20,17.9,C
2021,2,21,18.5,C
2021,2,22,20.2,C
2021,2,23,19.5,C
2021,2,24,18.1,C
2021,2,25,18.6,C
2021,2,26,21.6,C
2021,2,27,16.9,C
2021,2,28,18.3,C
2021,3,1,20.5,C
2021,3,2,18.5,C
2021,3,3,15.8,C
2021,3,4,17.2,C
2021,3,5,19.3,C
2021,3,6,20.0,C
2021,3,7,18.6,C
2021,3,8,18.1,C
2021,3,9,18.3,C
2021,3,10,17.6,C
2021,3,11,19.5,C
2021,3,12,22.1,C
2021,3,13,19.4,C
2021,3,14,19.1,C
2021,3,15,20.3,C
2021,3,16,22.5,C
2021,3,17,23.6,C
2021,3,18,21.8,C
2021,3,19,23.1,C
2021,3,20,23.8,C
2021,3,21,18.3,C
2021,3,22,14.0,C
2021,3,23,14.6,C
2021,3,24,18.1,C
2021,3,25,19.1,C
2021,3,26,19.2,C
2021,3,27,22.9,C
2021,3,28,24.0,C
2021,3,29,24.7,C
2021,3,30,24.8,C
2021,3,31,24.5,C
2021,4,1,25.1,C
2021,4,2,25.9,C
2021,4,3,25.2,C
2021,4,4,23.0,C
2021,4,5,20.2,C
2021,4,6,22.3,C
2021,4,7,20.5,C
2021,4,8,20.7,C
2021,4,9,18.6,C
2021,4,10,18.6,C
2021,4,11,20.6,C
2021,4,12,23.5,C
2021,4,13,24.8,C
2021,4,14,23.2,C
2021,4,15,20.6,C
2021,4,16,21.4,C
2021,4,17,21.4,C
2021,4,18,19.5,C
2021,4,19,18.6,C
2021,4,20,20.7,C
2021,4,21,22.4,C
2021,4,22,23.8,C
2021,4,23,26.1,C
2021,4,24,23.3,C
2021,4,25,23.6,C
2021,4,26,20.9,C
2021,4,27,21.8,C
2021,4,28,23.7,C
2021,4,29,21.7,C
2021,4,30,24.1,C
2021,5,1,24.6,C
2021,5,2,25.7,C
2021,5,3,22.9,C
2021,5,4,26.4,C
2021,5,5,26.0,C
2021,5,6,23.1,C
2021,5,7,25.4,C
2021,5,8,27.0,C
2021,5,9,27.5,C
2021,5,10,27.0,C
2021,5,11,27.4,C
2021,5,12,27.8,C
2021,5,13,27.9,C
2021,5,14,28.1,C
2021,5,15,28.5,C
2021,5,16,28.4,C
2021,5,17,28.5,C
2021,5,18,28.2,C
2021,5,19,28.1,C
2021,5,20,28.4,C
2021,5,21,28.7,C
2021,5,22,28.3,C
2021,5,23,29.2,C
2021,5,24,28.1,C
2021,5,25,27.2,C
2021,5,26,28.3,C
2021,5,27,29.1,C
2021,5,28,29.5,C
2021,5,29,28.9,C
2021,5,30,29.2,C
2021,5,31,28.5,C
2021,6,1,26.1,C
2021,6,2,27.2,C
2021,6,3,28.8,C
2021,6,4,27.4,C
2021,6,5,24.9,C
2021,6,6,25.8,C
2021,6,7,26.4,C
2021,6,8,27.5,C
2021,6,9,26.6,C
2021,6,10,27.2,C
2021,6,11,27.6,C
2021,6,12,26.4,C
2021,6,13,27.7,C
2021,6,14,27.8,C
2021,6,15,28.1,C
2021,6,16,28.5,C
2021,6,17,29.0,C
2021,6,18,29.2,C
2021,6,19,29.4,C
2021,6,20,29.5,C
2021,6,21,29.0,C
2021,6,22,25.4,C
2021,6,23,25.5,C
2021,6,24,25.1,C
2021,6,25,26.2,C
2021,6,26,26.6,C
2021,6,27,28.0,C
2021,6,28,25.6,C
2021,6,29,27.7,C
2021,6,30,28.1,C
2021,7,1,28.4,C
2021,7,2,28.8,C
2021,7,3,28.7,C
2021,7,4,29.0,C
2021,7,5,28.3,C
2021,7,6,27.9,C
2021,7,7,27.9,C
2021,7,8,28.2,C
2021,7,9,28.6,C
2021,7,10,28.8,C
2021,7,11,28.7,C
2021,7,12,28.9,C
2021,7,13,28.8,C
2021,7,14,28.6,C
2021,7,15,28.8,C
2021,7,16,27.2,C
2021,7,17,26.8,C
2021,7,18,25.4,C
2021,7,19,25.5,C
2021,7,20,25.0,C
2021,7,21,25.9,C
2021,7,22,28.3,C
2021,7,23,29.1,C
2021,7,24,28.4,C
2021,7,25,29.0,C
2021,7,26,29.3,C
2021,7,27,29.8,C
2021,7,28,29.9,C
2021,7,29,27.8,C
2021,7,30,27.1,C
2021,7,31,28.6,C
2021,8,1,28.6,C
2021,8,2,28.7,C
2021,8,3,26.8,C
2021,8,4,27.2,C
2021,8,5,26.6,C
2021,8,6,27.7,C
2021,8,7,28.0,C
2021,8,8,28.3,C
2021,8,9,28.2,C
2021,8,10,27.7,C
2021,8,11,28.5,C
2021,8,12,28.1,C
2021,8,13,27.1,C
2021,8,14,26.2,C
2021,8,15,26.4,C
2021,8,16,27.3,C
2021,8,17,28.6,C
2021,8,18,28.0,C
2021,8,19,27.7,C
2021,8,20,28.6,C
2021,8,21,28.5,C
2021,8,22,28.4,C
2021,8,23,28.5,C
2021,8,24,27.9,C
2021,8,25,28.3,C
2021,8,26,28.3,C
2021,8,27,23.0,C
2021,8,28,25.9,C
2021,8,29,25.9,C
2021,8,30,27.5,C
2021,8,31,25.6,C
2021,9,1,27.8,C
2021,9,2,28.5,C
2021,9,3,27.9,C
2021,9,4,27.5,C
2021,9,5,28.3,C
2021,9,6,27.5,C
2021,9,7,28.1,C
2021,9,8,28.4,C
2021,9,9,27.8,C
2021,9,10,27.8,C
2021,9,11,28.5,C
2021,9,12,29.4,C
2021,9,13,29.3,C
2021,9,14,27.3,C
2021,9,15,28.3,C
2021,9,16,27.2,C
2021,9,17,27.9,C
2021,9,18,28.3,C
2021,9,19,28.3,C
2021,9,20,28.3,C
2021,9,21,27.5,C
2021,9,22,28.6,C
2021,9,23,26.7,C
2021,9,24,27.7,C
2021,9,25,27.0,C
2021,9,26,26.0,C
2021,9,27,27.2,C
2021,9,28,27.4,C
2021,9,29,28.1,C
2021,9,30,28.9,C
2021,10,1,28.5,C
2021,10,2,27.5,C
2021,10,3,26.3,C
2021,10,4,26.4,C
2021,10,5,26.6,C
2021,10,6,25.8,C
2021,10,7,25.6,C
2021,10,8,24.3,C
2021,10,9,25.4,C
2021,10,10,24.9,C
2021,10,11,25.7,C
2021,10,12,21.2,C
2021,10,13,25.0,C
2021,10,14,26.7,C
2021,10,15,24.2,C
2021,10,16,24.6,C
2021,10,17,21.4,C
2021,10,18,21.0,C
2021,10,19,23.7,C
2021,10,20,24.9,C
2021,10,21,23.0,C
2021,10,22,16.6,C
2021,10,23,18.6,C
2021,10,24,20.1,C
2021,10,25,20.7,C
2021,10,26,22.4,C
2021,10,27,22.9,C
2021,10,28,23.3,C
2021,10,29,23.4,C
2021,10,30,22.5,C
2021,10,31,21.5,C
2021,11,1,23.2,C
2021,11,2,22.9,C
2021,11,3,23.0,C
2021,11,4,23.9,C
2021,11,5,24.2,C
2021,11,6,25.3,C
2021,11,7,24.9,C
2021,11,8,16.1,C
2021,11,9,15.5,C
2021,11,10,14.7,C
2021,11,11,15.9,C
2021,11,12,17.4,C
2021,11,13,17.3,C
2021,11,14,17.8,C
2021,11,15,18.2,C
2021,11,16,21.0,C
2021,11,17,21.0,C
2021,11,18,20.1,C
2021,11,19,21.0,C
2021,11,20,21.7,C
2021,11,21,22.0,C
2021,11,22,16.3,C
2021,11,23,12.7,C
2021,11,24,16.6,C
2021,11,25,17.8,C
2021,11,26,18.3,C
2021,11,27,17.7,C
2021,11,28,19.1,C
2021,11,29,19.8,C
2021,11,30,18.5,C
2021,12,1,12.1,C
2021,12,2,12.8,C
2021,12,3,12.2,C
2021,12,4,13.1,C
2021,12,5,15.5,C
2021,12,6,15.4,C
2021,12,7,16.6,C
2021,12,8,16.8,C
2021,12,9,18.1,C
2021,12,10,18.6,C
2021,12,11,19.4,C
2021,12,12,19.9,C
2021,12,13,16.2,C
2021,12,14,18.1,C
2021,12,15,19.3,C
2021,12,16,22.0,C
2021,12,17,18.6,C
2021,12,18,14.1,C
2021,12,19,12.5,C
2021,12,20,14.4,C
2021,12,21,15.9,C
2021,12,22,17.7,C
2021,12,23,17.2,C
2021,12,24,18.5,C
2021,12,25,17.6,C
2021,12,26,12.4,C
2021,12,27,10.4,C
2021,12,28,13.3,C
2021,12,29,17.2,C
2021,12,30,16.9,C
2021,12,31,16.0,C
2022,1,1,15.4,C
2022,1,2,17.2,C
2022,1,3,16.9,C
2022,1,4,17.1,C
2022,1,5,19.1,C
2022,1,6,19.2,C
2022,1,7,16.7,C
2022,1,8,16.1,C
2022,1,9,16.5,C
2022,1,10,16.4,C
2022,1,11,13.0,C
2022,1,12,13.4,C
2022,1,13,13.5,C
2022,1,14,13.8,C
2022,1,15,16.6,C
2022,1,16,17.7,C
2022,1,17,15.9,C
2022,1,18,15.4,C
2022,1,19,15.3,C
2022,1,20,15.7,C
2022,1,21,16.1,C
2022,1,22,16.2,C
2022,1,23,18.4,C
2022,1,24,19.1,C
2022,1,25,17.1,C
2022,1,26,17.9,C
2022,1,27,19.5,C
2022,1,28,17.3,C
2022,1,29,17.1,C
2022,1,30,13.4,C
2022,1,31,11.2,C
2022,2,1,12.4,C
2022,2,2,14.5,C
2022,2,3,11.9,C
2022,2,4,12.5,C
2022,2,5,12.8,C
2022,2,6,14.0,C
2022,2,7,15.0,C
2022,2,8,15.1,C
2022,2,9,14.4,C
2022,2,10,15.5,C
2022,2,11,18.1,C
2022,2,12,18.2,C
2022,2,13,15.8,C
2022,2,14,15.4,C
2022,2,15,16.4,C
2022,2,16,14.8,C
2022,2,17,13.9,C
2022,2,18,14.4,C
2022,2,19,10.8,C
2022,2,20,7.3,C
2022,2,21,8.0,C
2022,2,22,10.6,C
2022,2,23,11.4,C
2022,2,24,11.5,C
2022,2,25,14.0,C
2022,2,26,16.1,C
2022,2,27,16.8,C
2022,2,28,16.9,C
2022,3,1,21.5,C
2022,3,2,20.6,C
2022,3,3,17.5,C
2022,3,4,20.2,C
2022,3,5,20.0,C
2022,3,6,17.4,C
2022,3,7,18.6,C
2022,3,8,13.4,C
2022,3,9,15.3,C
2022,3,10,17.8,C
2022,3,11,20.6,C
2022,3,12,19.7,C
2022,3,13,22.7,C
2022,3,14,23.1,C
2022,3,15,22.9,C
2022,3,16,19.9,C
2022,3,17,23.8,C
2022,3,18,23.9,C
2022,3,19,22.3,C
2022,3,20,19.3,C
2022,3,21,21.8,C
2022,3,22,23.1,C
2022,3,23,16.4,C
2022,3,24,16.6,C
2022,3,25,22.6,C
2022,3,26,25.5,C
2022,3,27,20.3,C
2022,3,28,15.7,C
2022,3,29,17.5,C
2022,3,30,20.8,C
2022,3,31,22.5,C
2022,4,1,17.8,C
2022,4,2,12.5,C
2022,4,3,15.1,C
2022,4,4,16.1,C
2022,4,5,19.2,C
2022,4,6,20.4,C
2022,4,7,20.6,C
2022,4,8,18.8,C
2022,4,9,20.2,C
2022,4,10,21.1,C
2022,4,11,24.0,C
2022,4,12,24.7,C
2022,4,13,24.2,C
2022,4,14,23.3,C
2022,4,15,21.1,C
2022,4,16,19.1,C
2022,4,17,18.6,C
2022,4,18,19.4,C
2022,4,19,18.1,C
2022,4,20,20.3,C
2022,4,21,23.1,C
2022,4,22,24.0,C
2022,4,23,25.9,C
2022,4,24,26.1,C
2022,4,25,26.2,C
2022,4,26,26.0,C
2022,4,27,27.1,C
2022,4,28,26.9,C
2022,4,29,27.3,C
2022,4,30,23.3,C
2022,5,1,18.8,C
2022,5,2,17.1,C
2022,5,3,19.3,C
2022,5,4,21.2,C
2022,5,5,23.1,C
2022,5,6,23.8,C
2022,5,7,23.5,C
2022,5,8,21.5,C
2022,5,9,23.2,C
2022,5,10,24.9,C
2022,5,11,23.9,C
2022,5,12,24.3,C
2022,5,13,25.1,C
2022,5,14,24.4,C
2022,5,15,22.1,C
2022,5,16,18.4,C
2022,5,17,20.5,C
2022,5,18,18.8,C
2022,5,19,22.1,C
2022,5,20,25.5,C
2022,5,21,25.6,C
2022,5,22,23.3,C
2022,5,23,22.7,C
2022,5,24,23.6,C
2022,5,25,25.0,C
2022,5,26,26.4,C
2022,5,27,26.2,C
2022,5,28,27.6,C
2022,5,29,27.9,C
2022,5,30,28.3,C
2022,5,31,26.8,C
2022,6,1,27.3,C
2022,6,2,27.7,C
2022,6,3,27.5,C
2022,6,4,28.1,C
2022,6,5,28.1,C
2022,6,6,27.3,C
2022,6,7,26.3,C
2022,6,8,25.0,C
2022,6,9,25.6,C
2022,6,10,25.3,C
2022,6,11,26.0,C
2022,6,12,27.6,C
2022,6,13,27.4,C
2022,6,14,26.2,C
2022,6,15,26.9,C
2022,6,16,26.8,C
2022,6,17,27.4,C
2022,6,18,26.9,C
2022,6,19,27.5,C
2022,6,20,27.2,C
2022,6,21,27.1,C
2022,6,22,27.9,C
2022,6,23,28.0,C
2022,6,24,28.0,C
2022,6,25,27.9,C
2022,6,26,28.2,C
2022,6,27,28.2,C
2022,6,28,28.4,C
2022,6,29,28.3,C
2022,6,30,26.2,C
2022,7,1,25.9,C
2022,7,2,25.4,C
2022,7,3,27.2,C
2022,7,4,26.7,C
2022,7,5,26.9,C
2022,7,6,27.0,C
2022,7,7,27.6,C
2022,7,8,28.7,C
2022,7,9,28.3,C
2022,7,10,29.0,C
2022,7,11,29.0,C
2022,7,12,28.8,C
2022,7,13,28.1,C
2022,7,14,28.3,C
2022,7,15,28.9,C
2022,7,16,28.9,C
2022,7,17,29.1,C
2022,7,18,28.7,C
2022,7,19,28.7,C
2022,7,20,28.7,C
2022,7,21,28.9,C
2022,7,22,29.1,C
2022,7,23,29.8,C
2022,7,24,29.6,C
2022,7,25,30.1,C
2022,7,26,28.8,C
2022,7,27,28.7,C
2022,7,28,29.6,C
2022,7,29,29.8,C
2022,7,30,26.5,C
2022,7,31,29.3,C
2022,8,1,29.1,C
2022,8,2,29.1,C
2022,8,3,26.4,C
2022,8,4,25.7,C
2022,8,5,25.6,C
2022,8,6,27.7,C
2022,8,7,28.5,C
2022,8,8,26.8,C
2022,8,9,25.3,C
2022,8,10,26.4,C
2022,8,11,26.0,C
2022,8,12,25.3,C
2022,8,13,27.8,C
2022,8,14,28.4,C
2022,8,15,28.6,C
2022,8,16,27.9,C
2022,8,17,27.5,C
2022,8,18,27.1,C
2022,8,19,27.2,C
2022,8,20,27.1,C
2022,8,21,28.3,C
2022,8,22,29.3,C
2022,8,23,29.9,C
2022,8,24,28.2,C
2022,8,25,25.5,C
2022,8,26,28.7,C
2022,8,27,28.7,C
2022,8,28,29.7,C
2022,8,29,28.2,C
2022,8,30,28.1,C
2022,8,31,28.5,C
2022,9,1,28.1,C
2022,9,2,25.4,C
2022,9,3,25.0,C
2022,9,4,25.7,C
2022,9,5,25.8,C
2022,9,6,26.0,C
2022,9,7,25.9,C
2022,9,8,27.0,C
2022,9,9,24.7,C
2022,9,10,26.7,C
2022,9,11,28.0,C
2022,9,12,27.8,C
2022,9,13,26.7,C
2022,9,14,25.4,C
2022,9,15,25.8,C
2022,9,16,27.6,C
2022,9,17,28.4,C
2022,9,18,28.7,C
2022,9,19,27.2,C
2022,9,20,26.4,C
2022,9,21,25.4,C
2022,9,22,26.1,C
2022,9,23,26.7,C
2022,9,24,25.3,C
2022,9,25,26.1,C
2022,9,26,26.4,C
2022,9,27,26.1,C
2022,9,28,25.9,C
2022,9,29,25.5,C
2022,9,30,24.8,C
2022,10,1,26.8,C
2022,10,2,27.6,C
2022,10,3,27.8,C
2022,10,4,27.4,C
2022,10,5,26.8,C
2022,10,6,26.6,C
2022,10,7,26.2,C
2022,10,8,25.0,C
2022,10,9,25.1,C
2022,10,10,19.3,C
2022,10,11,18.9,C
2022,10,12,19.1,C
2022,10,13,21.1,C
2022,10,14,23.4,C
2022,10,15,21.9,C
2022,10,16,22.1,C
2022,10,17,20.9,C
2022,10,18,17.0,C
2022,10,19,18.2,C
2022,10,20,20.5,C
2022,10,21,22.3,C
2022,10,22,23.0,C
2022,10,23,23.7,C
2022,10,24,22.3,C
2022,10,25,20.1,C
2022,10,26,20.7,C
2022,10,27,21.9,C
2022,10,28,22.6,C
2022,10,29,22.7,C
2022,10,30,20.9,C
2022,10,31,19.8,C
2022,11,1,17.5,C
2022,11,2,18.7,C
2022,11,3,21.3,C
2022,11,4,21.5,C
2022,11,5,19.1,C
2022,11,6,19.5,C
2022,11,7,20.4,C
2022,11,8,21.0,C
2022,11,9,22.3,C
2022,11,10,23.6,C
2022,11,11,23.4,C
2022,11,12,22.6,C
2022,11,13,24.3,C
2022,11,14,22.1,C
2022,11,15,22.4,C
2022,11,16,22.4,C
2022,11,17,23.0,C
2022,11,18,23.5,C
2022,11,19,23.9,C
2022,11,20,23.4,C
2022,11,21,21.6,C
2022,11,22,21.8,C
2022,11,23,22.8,C
2022,11,24,20.9,C
2022,11,25,21.7,C
2022,11,26,21.7,C
2022,11,27,21.8,C
2022,11,28,25.5,C
2022,11,29,25.2,C
2022,11,30,22.0,C
2022,12,1,13.9,C
2022,12,2,14.7,C
2022,12,3,17.8,C
2022,12,4,19.8,C
2022,12,5,14.5,C
2022,12,6,14.8,C
2022,12,7,16.7,C
2022,12,8,18.2,C
2022,12,9,17.8,C
2022,12,10,16.3,C
2022,12,11,13.3,C
2022,12,12,13.2,C
2022,12,13,11.7,C
2022,12,14,11.2,C
2022,12,15,13.8,C
2022,12,16,16.1,C
2022,12,17,9.5,C
2022,12,18,7.0,C
2022,12,19,10.6,C
2022,12,20,14.9,C
2022,12,21,13.2,C
2022,12,22,12.0,C
2022,12,23,12.1,C
2022,12,24,12.5,C
2022,12,25,12.8,C
2022,12,26,14.3,C
2022,12,27,14.8,C
2022,12,28,15.8,C
2022,12,29,13.5,C
2022,12,30,12.9,C
2022,12,31,13.8,C
2023,1,1,14.2,C
2023,1,2,16.6,C
2023,1,3,14.5,C
2023,1,4,15.7,C
2023,1,5,17.8,C
2023,1,6,17.3,C
2023,1,7,15.6,C
2023,1,8,14.0,C
2023,1,9,17.4,C
2023,1,10,17.3,C
2023,1,11,17.0,C
2023,1,12,17.6,C
2023,1,13,21.4,C
2023,1,14,23.1,C
2023,1,15,17.2,C
2023,1,16,9.2,C
2023,1,17,11.1,C
2023,1,18,12.0,C
2023,1,19,14.3,C
2023,1,20,14.5,C
2023,1,21,15.1,C
2023,1,22,18.7,C
2023,1,23,18.5,C
2023,1,24,10.7,C
2023,1,25,8.8,C
2023,1,26,13.3,C
2023,1,27,11.1,C
2023,1,28,7.9,C
2023,1,29,9.0,C
2023,1,30,11.5,C
2023,1,31,13.8,C
2023,2,1,19.6,C
2023,2,2,18.1,C
2023,2,3,15.9,C
2023,2,4,15.6,C
2023,2,5,16.4,C
2023,2,6,18.4,C
2023,2,7,20.6,C
2023,2,8,16.8,C
2023,2,9,18.5,C
2023,2,10,20.6,C
2023,2,11,17.9,C
2023,2,12,19.9,C
2023,2,13,22.4,C
2023,2,14,14.9,C
2023,2,15,13.3,C
2023,2,16,13.4,C
2023,2,17,17.2,C
2023,2,18,18.6,C
2023,2,19,21.3,C
2023,2,20,16.7,C
2023,2,21,14.7,C
2023,2,22,14.1,C
2023,2,23,16.5,C
2023,2,24,18.1,C
2023,2,25,13.8,C
2023,2,26,13.9,C
2023,2,27,13.1,C
2023,2,28,16.0,C
2023,3,1,18.1,C
2023,3,2,17.8,C
2023,3,3,14.6,C
2023,3,4,16.3,C
2023,3,5,15.3,C
2023,3,6,14.8,C
2023,3,7,15.9,C
2023,3,8,20.3,C
2023,3,9,21.1,C
2023,3,10,18.9,C
2023,3,11,19.2,C
2023,3,12,20.8,C
2023,3,13,16.1,C
2023,3,14,17.3,C
2023,3,15,19.6,C
2023,3,16,18.5,C
2023,3,17,20.4,C
2023,3,18,21.2,C
2023,3,19,18.7,C
2023,3,20,20.7,C
2023,3,21,22.1,C
2023,3,22,22.9,C
2023,3,23,23.2,C
2023,3,24,24.2,C
2023,3,25,22.2,C
2023,3,26,19.4,C
2023,3,27,16.6,C
2023,3,28,16.7,C
2023,3,29,18.6,C
2023,3,30,19.7,C
2023,3,31,19.4,C
2023,4,1,19.4,C
2023,4,2,20.0,C
2023,4,3,19.3,C
2023,4,4,23.4,C
2023,4,5,24.2,C
2023,4,6,25.2,C
2023,4,7,19.6,C
2023,4,8,17.5,C
2023,4,9,17.2,C
2023,4,10,19.8,C
2023,4,11,23.5,C
2023,4,12,24.1,C
2023,4,13,21.4,C
2023,4,14,23.6,C
2023,4,15,24.9,C
2023,4,16,24.7,C
2023,4,17,25.3,C
2023,4,18,25.2,C
2023,4,19,24.0,C
2023,4,20,23.6,C
2023,4,21,23.0,C
2023,4,22,21.6,C
2023,4,23,22.1,C
2023,4,24,22.4,C
2023,4,25,21.8,C
2023,4,26,19.2,C
2023,4,27,20.8,C
2023,4,28,23.3,C
2023,4,29,24.6,C
2023,4,30,22.4,C
2023,5,1,22.1,C
2023,5,2,21.6,C
2023,5,3,23.8,C
2023,5,4,25.4,C
2023,5,5,26.3,C
2023,5,6,26.7,C
2023,5,7,25.3,C
2023,5,8,21.2,C
2023,5,9,21.7,C
2023,5,10,20.4,C
2023,5,11,21.6,C
2023,5,12,21.9,C
2023,5,13,22.0,C
2023,5,14,20.5,C
2023,5,15,23.7,C
2023,5,16,24.8,C
2023,5,17,25.8,C
2023,5,18,28.3,C
2023,5,19,28.2,C
2023,5,20,28.6,C
2023,5,21,28.5,C
2023,5,22,28.6,C
2023,5,23,25.7,C
2023,5,24,22.8,C
2023,5,25,24.8,C
2023,5,26,26.9,C
2023,5,27,27.5,C
2023,5,28,26.8,C
2023,5,29,27.1,C
2023,5,30,29.1,C
2023,5,31,29.3,C
2023,6,1,26.6,C
2023,6,2,29.1,C
2023,6,3,28.4,C
2023,6,4,28.0,C
2023,6,5,27.5,C
2023,6,6,26.6,C
2023,6,7,27.3,C
2023,6,8,28.0,C
2023,6,9,27.8,C
2023,6,10,27.5,C
2023,6,11,27.7,C
2023,6,12,28.2,C
2023,6,13,28.0,C
2023,6,14,26.6,C
2023,6,15,26.1,C
2023,6,16,25.6,C
2023,6,17,25.5,C
2023,6,18,26.6,C
2023,6,19,27.7,C
2023,6,20,28.5,C
2023,6,21,28.9,C
2023,6,22,28.7,C
2023,6,23,27.6,C
2023,6,24,27.1,C
2023,6,25,28.1,C
2023,6,26,27.8,C
2023,6,27,28.1,C
2023,6,28,27.0,C
2023,6,29,28.3,C
2023,6,30,28.2,C
2023,7,1,26.9,C
2023,7,2,26.2,C
2023,7,3,27.9,C
2023,7,4,27.5,C
2023,7,5,28.8,C
2023,7,6,28.5,C
2023,7,7,28.3,C
2023,7,8,28.8,C
2023,7,9,29.0,C
2023,7,10,28.7,C
2023,7,11,28.8,C
2023,7,12,28.0,C
2023,7,13,27.9,C
2023,7,14,28.6,C
2023,7,15,29.3,C
2023,7,16,27.4,C
2023,7,17,26.4,C
2023,7,18,27.6,C
2023,7,19,27.3,C
2023,7,20,28.1,C
2023,7,21,27.9,C
2023,7,22,28.0,C
2023,7,23,28.3,C
2023,7,24,28.7,C
2023,7,25,28.8,C
2023,7,26,29.2,C
2023,7,27,28.6,C
2023,7,28,28.5,C
2023,7,29,27.9,C
2023,7,30,28.1,C
2023,7,31,28.2,C
2023,8,1,27.7,C
2023,8,2,27.3,C
2023,8,3,28.0,C
2023,8,4,28.6,C
2023,8,5,28.3,C
2023,8,6,28.8,C
2023,8,7,28.2,C
2023,8,8,28.3,C
2023,8,9,28.3,C
2023,8,10,27.6,C
2023,8,11,26.8,C
2023,8,12,27.8,C
2023,8,13,26.9,C
2023,8,14,28.1,C
2023,8,15,28.4,C
2023,8,16,29.5,C
2023,8,17,28.6,C
2023,8,18,27.9,C
2023,8,19,27.1,C
2023,8,20,28.0,C
2023,8,21,28.2,C
2023,8,22,28.3,C
2023,8,23,28.5,C
2023,8,24,27.3,C
2023,8,25,27.7,C
2023,8,26,28.3,C
2023,8,27,27.7,C
2023,8,28,28.0,C
2023,8,29,27.6,C
2023,8,30,26.3,C
2023,8,31,26.2,C
2023,9,1,24.3,C
2023,9,2,24.9,C
2023,9,3,27.7,C
2023,9,4,28.0,C
2023,9,5,26.0,C
2023,9,6,27.2,C
2023,9,7,26.7,C
2023,9,8,24.5,C
2023,9,9,25.0,C
2023,9,10,24.6,C
2023,9,11,25.9,C
2023,9,12,26.4,C
2023,9,13,27.3,C
2023,9,14,26.0,C
2023,9,15,27.1,C
2023,9,16,26.3,C
2023,9,17,27.6,C
2023,9,18,28.0,C
2023,9,19,27.7,C
2023,9,20,27.9,C
2023,9,21,28.5,C
2023,9,22,27.9,C
2023,9,23,27.3,C
2023,9,24,26.8,C
2023,9,25,27.4,C
2023,9,26,27.2,C
2023,9,27,27.2,C
2023,9,28,27.0,C
2023,9,29,27.6,C
2023,9,30,27.8,C
2023,10,1,28.0,C
2023,10,2,26.9,C
2023,10,3,27.6,C
2023,10,4,28.1,C
2023,10,5,26.0,C
2023,10,6,24.1,C
2023,10,7,21.9,C
2023,10,8,22.3,C
2023,10,9,23.2,C
2023,10,10,23.4,C
2023,10,11,23.2,C
2023,10,12,23.0,C
2023,10,13,23.5,C
2023,10,14,23.0,C
2023,10,15,23.6,C
2023,10,16,22.9,C
2023,10,17,20.8,C
2023,10,18,22.1,C
2023,10,19,23.9,C
2023,10,20,24.1,C
2023,10,21,20.4,C
2023,10,22,21.6,C
2023,10,23,23.8,C
2023,10,24,24.6,C
2023,10,25,24.5,C
2023,10,26,24.2,C
2023,10,27,25.4,C
2023,10,28,24.1,C
2023,10,29,23.0,C
2023,10,30,24.0,C
2023,10,31,22.5,C
2023,11,1,22.7,C
2023,11,2,23.5,C
2023,11,3,24.3,C
2023,11,4,24.4,C
2023,11,5,25.0,C
2023,11,6,24.8,C
2023,11,7,22.5,C
2023,11,8,22.1,C
2023,11,9,23.5,C
2023,11,10,25.4,C
2023,11,11,23.2,C
2023,11,12,21.7,C
2023,11,13,19.0,C
2023,11,14,17.9,C
2023,11,15,20.1,C
2023,11,16,19.0,C
2023,11,17,13.0,C
2023,11,18,14.6,C
2023,11,19,17.5,C
2023,11,20,18.2,C
2023,11,21,19.5,C
2023,11,22,20.9,C
2023,11,23,21.3,C
2023,11,24,19.6,C
2023,11,25,18.8,C
2023,11,26,19.5,C
2023,11,27,20.2,C
2023,11,28,19.1,C
2023,11,29,19.8,C
2023,11,30,21.4,C
2023,12,1,18.0,C
2023,12,2,16.8,C
2023,12,3,18.4,C
2023,12,4,19.9,C
2023,12,5,19.9,C
2023,12,6,18.9,C
2023,12,7,15.6,C
2023,12,8,18.1,C
2023,12,9,21.5,C
2023,12,10,22.2,C
2023,12,11,23.3,C
2023,12,12,24.0,C
2023,12,13,20.0,C
2023,12,14,21.4,C
2023,12,15,23.7,C
2023,12,16,15.6,C
2023,12,17,10.2,C
2023,12,18,15.5,C
2023,12,19,15.4,C
2023,12,20,11.0,C
2023,12,21,8.3,C
2023,12,22,6.4,C
2023,12,23,8.0,C
2023,12,24,11.1,C
2023,12,25,12.3,C
2023,12,26,14.4,C
2023,12,27,15.7,C
2023,12,28,18.4,C
2023,12,29,18.0,C
2023,12,30,18.9,C
2023,12,31,21.0,C
2024,1,1,18.3,C
2024,1,2,16.7,C
2024,1,3,17.0,C
2024,1,4,14.8,C
2024,1,5,17.5,C
2024,1,6,19.2,C
2024,1,7,17.0,C
2024,1,8,16.6,C
2024,1,9,19.2,C
2024,1,10,17.5,C
2024,1,11,16.3,C
2024,1,12,16.9,C
2024,1,13,14.9,C
2024,1,14,15.6,C
2024,1,15,18.8,C
2024,1,16,16.3,C
2024,1,17,16.4,C
2024,1,18,19.9,C
2024,1,19,19.2,C
2024,1,20,20.5,C
2024,1,21,15.7,C
2024,1,22,12.7,C
2024,1,23,5.7,C
2024,1,24,7.1,C
2024,1,25,9.7,C
2024,1,26,12.5,C
2024,1,27,13.0,C
2024,1,28,12.2,C
2024,1,29,14.4,C
2024,1,30,17.7,C
2024,1,31,18.7,C
2024,2,1,21.6,C
2024,2,2,22.3,C
2024,2,3,18.5,C
2024,2,4,19.2,C
2024,2,5,19.2,C
2024,2,6,17.4,C
2024,2,7,16.1,C
2024,2,8,11.0,C
2024,2,9,10.6,C
2024,2,10,12.2,C
2024,2,11,14.1,C
2024,2,12,13.5,C
2024,2,13,16.9,C
2024,2,14,20.0,C
2024,2,15,20.8,C
2024,2,16,18.7,C
2024,2,17,17.9,C
2024,2,18,20.8,C
2024,2,19,21.8,C
2024,2,20,23.2,C
2024,2,21,23.7,C
2024,2,22,22.9,C
2024,2,23,18.6,C
2024,2,24,17.7,C
2024,2,25,16.2,C
2024,2,26,16.8,C
2024,2,27,15.2,C
2024,2,28,16.8,C
2024,2,29,18.5,C
2024,3,1,10.5,C
2024,3,2,9.6,C
2024,3,3,14.3,C
2024,3,4,18.5,C
2024,3,5,23.6,C
2024,3,6,22.7,C
2024,3,7,15.7,C
2024,3,8,15.3,C
2024,3,9,13.1,C
2024,3,10,14.2,C
2024,3,11,16.5,C
2024,3,12,16.4,C
2024,3,13,16.3,C
2024,3,14,17.5,C
2024,3,15,18.4,C
2024,3,16,19.9,C
2024,3,17,22.8,C
2024,3,18,20.3,C
2024,3,19,18.4,C
2024,3,20,17.0,C
2024,3,21,17.5,C
2024,3,22,21.6,C
2024,3,23,23.5,C
2024,3,24,25.3,C
2024,3,25,24.9,C
2024,3,26,25.3,C
2024,3,27,20.1,C
2024,3,28,23.8,C
2024,3,29,24.5,C
2024,3,30,25.0,C
2024,3,31,25.4,C
2024,4,1,25.4,C
2024,4,2,24.9,C
2024,4,3,25.4,C
2024,4,4,25.3,C
2024,4,5,24.6,C
2024,4,6,22.6,C
2024,4,7,24.4,C
2024,4,8,25.0,C
2024,4,9,20.3,C
2024,4,10,20.5,C
2024,4,11,22.6,C
2024,4,12,24.7,C
2024,4,13,25.5,C
2024,4,14,26.0,C
2024,4,15,26.5,C
2024,4,16,25.9,C
2024,4,17,27.2,C
2024,4,18,24.8,C
2024,4,19,25.3,C
2024,4,20,25.8,C
2024,4,21,22.5,C
2024,4,22,24.3,C
2024,4,23,24.3,C
2024,4,24,25.1,C
2024,4,25,24.9,C
2024,4,26,25.5,C
2024,4,27,27.1,C
2024,4,28,23.0,C
2024,4,29,26.6,C
2024,4,30,27.1,C
2024,5,1,22.3,C
2024,5,2,23.2,C
2024,5,3,22.4,C
2024,5,4,23.4,C
2024,5,5,24.9,C
2024,5,6,27.3,C
2024,5,7,26.3,C
2024,5,8,24.8,C
2024,5,9,22.4,C
2024,5,10,21.9,C
2024,5,11,25.5,C
2024,5,12,26.4,C
2024,5,13,24.9,C
2024,5,14,21.7,C
2024,5,15,22.5,C
2024,5,16,21.4,C
2024,5,17,23.3,C
2024,5,18,23.4,C
2024,5,19,23.2,C
2024,5,20,23.3,C
2024,5,21,24.7,C
2024,5,22,25.2,C
2024,5,23,25.1,C
2024,5,24,24.4,C
2024,5,25,25.9,C
2024,5,26,26.5,C
2024,5,27,26.7,C
2024,5,28,27.1,C
2024,5,29,22.0,C
2024,5,30,23.5,C
2024,5,31,26.5,C

*** 沒有數據/unavailable
# 數據不完整/data incomplete
C 數據完整/data Complete
